customer_id,session_id,visit_date,device_type,user_type,marketing_channel,product_id,product_category,unit_price,quantity,discount_percent,discount_amount,revenue,pages_viewed,time_on_site_sec,added_to_cart,purchased,cart_abandoned,rating,review_text,review_helpful_votes,payment_method,visit_day,visit_month,visit_weekday,visit_season,session_duration_bucket,revenue_normalized,location,gross_value,conversion_flag,abandonment_flag,time_on_site_min,discount_rate_actual,year,month,month_name,weekday_name,week
1803,0,28-11-2024,2,1,2,894,6,651.57,1,20,130.31,0,21,965,1,0,1,4,1,0,1,28,11,3,0,Long,0,209,651.57,0,1,16.08333333,19.9993861,2024,11,November,Thursday,48
7964,1,25-09-2024,2,0,4,844,2,945.27,4,15,567.16,0,21,1158,0,0,0,4,1,0,2,25,9,2,0,Long,0,213,3781.08,0,0,19.3,14.99994711,2024,9,September,Wednesday,39
6890,2,31-05-2024,1,1,0,865,0,400.44,4,0,0,0,19,710,1,0,1,4,1,0,2,31,5,4,1,Short,0,10,1601.76,0,1,11.83333333,0,2024,5,May,Friday,22
4949,3,30-01-2024,1,0,2,851,3,1268.54,2,5,126.85,2410.23,19,1674,1,1,0,4,10,4,1,30,1,1,3,Very Long,0.305503869,46,2537.08,1,0,27.9,4.999842338,2024,1,January,Tuesday,5
4896,4,25-02-2024,1,1,5,794,3,880.81,3,0,0,0,13,427,1,0,1,4,1,0,1,25,2,6,3,Very Short,0,118,2642.43,0,1,7.116666667,0,2024,2,February,Sunday,8
8726,5,29-03-2024,1,0,4,481,3,458.42,2,10,91.68,0,6,949,1,0,1,4,1,0,1,29,3,4,1,Long,0,207,916.84,0,1,15.81666667,9.999563719,2024,3,March,Friday,13
1773,6,28-05-2024,0,1,1,634,0,623.83,4,0,0,2495.32,15,1608,1,1,0,4,3,0,5,28,5,1,1,Very Long,0.316289281,175,2495.32,1,0,26.8,0,2024,5,May,Tuesday,22
7275,7,19-11-2024,1,0,4,225,6,1491.56,3,15,671.2,0,24,1169,0,0,0,4,1,0,4,19,11,1,0,Long,0,150,4474.68,0,0,19.48333333,14.9999553,2024,11,November,Tuesday,47
2813,8,13-02-2024,1,1,3,628,2,791.88,2,0,0,0,18,285,1,0,1,4,1,0,2,13,2,1,3,Very Short,0,141,1583.76,0,1,4.75,0,2024,2,February,Tuesday,7
1847,9,29-07-2024,1,0,4,664,7,164.42,4,10,65.77,0,6,476,1,0,1,4,1,0,1,29,7,0,2,Short,0,103,657.68,0,1,7.933333333,10.0003041,2024,7,July,Monday,31
5737,10,06-05-2024,0,1,2,386,4,318.62,4,10,127.45,0,8,1557,0,0,0,4,1,0,1,6,5,0,1,Very Long,0,84,1274.48,0,0,25.95,10.00015693,2024,5,May,Monday,19
9779,11,18-01-2024,0,1,0,594,4,103.54,2,20,41.42,0,24,1724,1,0,1,4,1,0,3,18,1,3,3,Very Long,0,145,207.08,0,1,28.73333333,20.00193162,2024,1,January,Thursday,3
7621,12,14-08-2024,1,0,4,379,6,373.33,4,5,74.67,0,4,309,0,0,0,4,1,0,5,14,8,2,2,Very Short,0,169,1493.32,0,0,5.15,5.00026786,2024,8,August,Wednesday,33
7849,13,14-09-2024,0,0,5,786,7,682.23,1,10,68.22,0,5,1273,0,0,0,4,1,0,4,14,9,5,0,Long,0,155,682.23,0,0,21.21666667,9.999560266,2024,9,September,Saturday,37
7456,14,16-12-2024,0,1,0,175,2,837.89,2,25,418.94,0,5,1462,0,0,0,4,1,0,5,16,12,0,3,Very Long,0,167,1675.78,0,0,24.36666667,24.99970163,2024,12,December,Monday,51
8073,15,03-07-2024,1,1,3,766,7,1151.07,2,15,345.32,0,16,143,0,0,0,4,1,0,2,3,7,2,2,Very Short,0,135,2302.14,0,0,2.383333333,14.99995656,2024,7,July,Wednesday,27
5618,16,28-04-2024,1,1,2,691,0,693.68,1,0,0,0,10,180,1,0,1,4,1,0,0,28,4,6,1,Very Short,0,85,693.68,0,1,3,0,2024,4,April,Sunday,17
2152,17,07-11-2024,0,0,3,250,1,481.83,4,0,0,0,19,1019,1,0,1,4,1,0,4,7,11,3,0,Long,0,51,1927.32,0,1,16.98333333,0,2024,11,November,Thursday,45
8556,18,31-03-2024,0,1,1,145,7,687.69,1,0,0,0,1,200,1,0,1,4,1,0,3,31,3,6,1,Very Short,0,25,687.69,0,1,3.333333333,0,2024,3,March,Sunday,13
5053,19,06-09-2024,1,0,0,525,3,806.73,3,0,0,0,18,1168,0,0,0,4,1,0,0,6,9,4,0,Long,0,194,2420.19,0,0,19.46666667,0,2024,9,September,Friday,36
5502,20,10-12-2024,2,0,4,842,6,1374.55,4,15,824.73,0,21,1781,1,0,1,4,1,0,2,10,12,1,3,Very Long,0,155,5498.2,0,1,29.68333333,15,2024,12,December,Tuesday,50
4336,21,02-01-2024,1,1,4,394,1,361.79,4,0,0,0,18,720,1,0,1,4,1,0,2,2,1,1,3,Short,0,197,1447.16,0,1,12,0,2024,1,January,Tuesday,1
2642,22,03-12-2024,1,1,5,237,7,557.98,1,15,83.7,0,17,1526,1,0,1,4,1,0,2,3,12,1,3,Very Long,0,145,557.98,0,1,25.43333333,15.00053765,2024,12,December,Tuesday,49
9339,23,16-03-2024,0,0,2,835,2,799.51,1,10,79.95,719.56,22,943,1,1,0,5,4,16,2,16,3,5,1,Long,0.091206384,88,799.51,1,0,15.71666667,9.999874923,2024,3,March,Saturday,11
8033,24,24-06-2024,1,1,2,567,3,853.62,2,20,341.45,0,9,26,1,0,1,4,1,0,4,24,6,0,2,Very Short,0,40,1707.24,0,1,0.433333333,20.00011715,2024,6,June,Monday,26
6794,25,04-04-2024,1,0,4,367,7,667.9,1,5,33.4,634.5,8,1454,1,1,0,5,5,8,2,4,4,3,1,Very Long,0.080424775,135,667.9,1,0,24.23333333,5.000748615,2024,4,April,Thursday,14
4621,26,22-02-2024,1,0,3,376,0,927.81,2,20,371.12,0,9,1105,1,0,1,4,1,0,3,22,2,3,3,Long,0,136,1855.62,0,1,18.41666667,19.99978444,2024,2,February,Thursday,8
8404,27,13-09-2024,1,1,0,57,1,161.8,3,10,48.54,0,7,604,0,0,0,4,1,0,3,13,9,4,0,Short,0,36,485.4,0,0,10.06666667,10,2024,9,September,Friday,37
5908,28,24-06-2024,0,1,3,750,6,1159.83,4,0,0,0,11,1396,1,0,1,4,1,0,4,24,6,0,2,Very Long,0,62,4639.32,0,1,23.26666667,0,2024,6,June,Monday,26
4990,29,04-07-2024,0,1,1,440,7,1014.28,1,0,0,0,1,1503,1,0,1,4,1,0,4,4,7,3,2,Very Long,0,215,1014.28,0,1,25.05,0,2024,7,July,Thursday,27
5053,30,25-06-2024,1,1,5,722,1,511.8,4,10,204.72,0,12,169,1,0,1,4,1,0,0,25,6,1,2,Very Short,0,31,2047.2,0,1,2.816666667,10,2024,6,June,Tuesday,26
3044,31,29-09-2024,0,0,1,207,4,180.12,2,20,72.05,0,16,526,1,0,1,4,1,0,0,29,9,6,0,Short,0,20,360.24,0,1,8.766666667,20.00055519,2024,9,September,Sunday,39
1829,32,18-12-2024,1,0,1,72,4,437,4,20,349.6,1398.4,10,610,1,1,0,5,4,4,4,18,12,2,3,Short,0.177251387,104,1748,1,0,10.16666667,20,2024,12,December,Wednesday,51
5990,33,06-07-2024,1,1,2,9,5,560.82,4,0,0,0,12,689,0,0,0,4,1,0,5,6,7,5,2,Short,0,120,2243.28,0,0,11.48333333,0,2024,7,July,Saturday,27
8990,34,26-02-2024,0,1,5,551,1,789.99,1,0,0,789.99,24,121,1,1,0,4,3,11,0,26,2,0,3,Very Short,0.100133598,176,789.99,1,0,2.016666667,0,2024,2,February,Monday,9
1574,35,29-04-2024,1,0,5,819,3,837.27,2,10,167.45,0,10,415,0,0,0,4,1,0,4,29,4,0,1,Very Short,0,152,1674.54,0,0,6.916666667,9.999761128,2024,4,April,Monday,18
8723,36,30-06-2024,1,0,4,657,3,855.27,2,15,256.58,0,1,541,1,0,1,4,1,0,4,30,6,6,2,Short,0,33,1710.54,0,1,9.016666667,14.99994154,2024,6,June,Sunday,26
8447,37,07-02-2024,1,1,2,604,3,1140.72,3,0,0,0,1,449,1,0,1,4,1,0,3,7,2,2,3,Very Short,0,106,3422.16,0,1,7.483333333,0,2024,2,February,Wednesday,6
3490,38,24-03-2024,0,1,2,462,2,1434.14,3,0,0,0,17,702,1,0,1,4,1,0,4,24,3,6,1,Short,0,196,4302.42,0,1,11.7,0,2024,3,March,Sunday,12
6684,39,14-03-2024,0,0,2,105,6,1937.8,4,0,0,0,19,892,0,0,0,4,1,0,3,14,3,3,1,Short,0,17,7751.2,0,0,14.86666667,0,2024,3,March,Thursday,11
2486,40,21-12-2024,0,1,3,504,2,986.19,1,0,0,986.19,15,1728,1,1,0,1,9,30,0,21,12,5,3,Very Long,0.125002535,25,986.19,1,0,28.8,0,2024,12,December,Saturday,51
7822,41,26-05-2024,0,1,5,341,3,450.96,4,20,360.77,0,11,583,1,0,1,4,1,0,1,26,5,6,1,Short,0,99,1803.84,0,1,9.716666667,20.00011087,2024,5,May,Sunday,21
7304,42,16-11-2024,1,0,3,98,1,384.67,4,5,76.93,0,10,1627,1,0,1,4,1,0,3,16,11,5,0,Very Long,0,135,1538.68,0,1,27.11666667,4.999740037,2024,11,November,Saturday,46
4190,43,20-07-2024,0,0,1,250,5,464.23,4,20,371.38,1485.54,2,769,1,1,0,5,3,49,4,20,7,5,2,Short,0.188296643,170,1856.92,1,0,12.81666667,19.99978459,2024,7,July,Saturday,29
1611,44,03-07-2024,0,1,0,621,7,829.96,1,20,165.99,0,1,36,1,0,1,4,1,0,4,3,7,2,2,Very Short,0,32,829.96,0,1,0.6,19.99975902,2024,7,July,Wednesday,27
9735,45,08-12-2024,2,1,1,733,0,344.48,3,30,310.03,0,14,1518,0,0,0,4,1,0,2,8,12,6,3,Very Long,0,82,1033.44,0,0,25.3,29.99980647,2024,12,December,Sunday,49
5010,46,09-09-2024,0,0,4,277,2,1113.7,1,5,55.68,1058.02,18,819,1,1,0,1,8,26,1,9,9,0,0,Short,0.134107203,86,1113.7,1,0,13.65,4.999551046,2024,9,September,Monday,37
9037,47,28-03-2024,0,1,4,626,1,601.67,2,10,120.33,1083.01,8,159,1,1,0,5,5,42,4,28,3,3,1,Very Short,0.13727476,7,1203.34,1,0,2.65,9.999667592,2024,3,March,Thursday,13
7100,48,12-04-2024,1,1,3,895,6,420.59,2,0,0,0,1,1736,1,0,1,4,1,0,5,12,4,4,1,Very Long,0,3,841.18,0,1,28.93333333,0,2024,4,April,Friday,15
8004,49,31-08-2024,1,1,1,98,3,1472.25,1,15,220.84,0,20,361,0,0,0,4,1,0,3,31,8,5,2,Very Short,0,206,1472.25,0,0,6.016666667,15.00016981,2024,8,August,Saturday,35
7838,50,01-01-2024,0,0,1,338,2,1963.8,4,10,785.52,0,18,1257,1,0,1,4,1,0,3,1,1,0,3,Long,0,90,7855.2,0,1,20.95,10,2024,1,January,Monday,1
2751,51,25-02-2024,2,0,3,5,1,324.28,3,10,97.28,0,6,499,1,0,1,4,1,0,0,25,2,6,3,Short,0,111,972.84,0,1,8.316666667,9.999588833,2024,2,February,Sunday,8
4274,52,28-01-2024,1,0,3,149,1,182.24,4,0,0,0,16,434,0,0,0,4,1,0,3,28,1,6,3,Very Short,0,15,728.96,0,0,7.233333333,0,2024,1,January,Sunday,4
5200,53,17-09-2024,0,1,4,737,1,312.41,4,5,62.48,0,13,930,1,0,1,4,1,0,0,17,9,1,0,Long,0,3,1249.64,0,1,15.5,4.999839954,2024,9,September,Tuesday,38
5479,54,10-06-2024,0,1,1,735,6,1369.26,4,20,1095.41,0,7,168,1,0,1,4,1,0,4,10,6,0,2,Very Short,0,200,5477.04,0,1,2.8,20.00003652,2024,6,June,Monday,24
1394,55,05-01-2024,2,0,4,838,6,488.23,2,10,97.65,0,16,1594,1,0,1,4,1,0,3,5,1,4,3,Very Long,0,210,976.46,0,1,26.56666667,10.00040964,2024,1,January,Friday,1
5918,56,27-09-2024,0,1,4,561,5,625.98,1,10,62.6,563.38,5,1242,1,1,0,4,10,23,0,27,9,4,0,Long,0.071410102,92,625.98,1,0,20.7,10.0003195,2024,9,September,Friday,39
2388,57,27-08-2024,1,0,3,864,1,162.17,2,0,0,0,20,1307,0,0,0,4,1,0,2,27,8,1,2,Long,0,46,324.34,0,0,21.78333333,0,2024,8,August,Tuesday,35
7689,58,19-09-2024,0,1,3,658,7,1003.8,4,0,0,0,13,1687,1,0,1,4,1,0,4,19,9,3,0,Very Long,0,147,4015.2,0,1,28.11666667,0,2024,9,September,Thursday,38
7146,59,29-02-2024,0,1,4,106,7,752.04,2,0,0,0,19,889,1,0,1,4,1,0,2,29,2,3,3,Short,0,137,1504.08,0,1,14.81666667,0,2024,2,February,Thursday,9
9301,60,15-11-2024,1,0,3,418,3,1493.22,2,0,0,0,8,1211,1,0,1,4,1,0,2,15,11,4,0,Long,0,70,2986.44,0,1,20.18333333,0,2024,11,November,Friday,46
7702,61,06-03-2024,2,0,4,351,3,702.87,2,10,140.57,0,9,508,0,0,0,4,1,0,4,6,3,2,1,Short,0,99,1405.74,0,0,8.466666667,9.999715452,2024,3,March,Wednesday,10
4299,62,27-07-2024,0,0,5,85,0,228.95,1,30,68.68,0,20,1223,1,0,1,4,1,0,3,27,7,5,2,Long,0,114,228.95,0,1,20.38333333,29.99781612,2024,7,July,Saturday,30
9706,63,23-07-2024,0,0,1,109,0,509.21,4,10,203.68,0,19,1316,1,0,1,4,1,0,3,23,7,1,2,Long,0,179,2036.84,0,1,21.93333333,9.999803617,2024,7,July,Tuesday,30
4697,64,20-03-2024,1,1,1,856,0,544.5,3,10,163.35,0,6,1456,1,0,1,4,1,0,3,20,3,2,1,Very Long,0,202,1633.5,0,1,24.26666667,10,2024,3,March,Wednesday,12
3932,65,17-05-2024,1,0,1,839,7,1191.35,3,0,0,0,3,1580,0,0,0,4,1,0,3,17,5,4,1,Very Long,0,178,3574.05,0,0,26.33333333,0,2024,5,May,Friday,20
9148,66,20-01-2024,1,1,0,878,5,1130.83,3,0,0,3392.49,23,412,1,1,0,5,10,39,1,20,1,5,3,Very Short,0.430008264,191,3392.49,1,0,6.866666667,0,2024,1,January,Saturday,3
4333,67,21-06-2024,0,1,0,406,5,311.68,2,20,124.67,498.69,12,1323,1,1,0,5,4,43,2,21,6,4,2,Long,0.063210451,17,623.36,1,0,22.05,19.99967916,2024,6,June,Friday,25
1687,68,04-09-2024,2,0,2,333,2,1622.05,4,0,0,0,3,199,0,0,0,4,1,0,3,4,9,2,0,Very Short,0,197,6488.2,0,0,3.316666667,0,2024,9,September,Wednesday,36
5225,69,22-04-2024,0,0,2,817,3,830.16,3,15,373.57,0,14,1541,1,0,1,4,1,0,5,22,4,0,1,Very Long,0,13,2490.48,0,1,25.68333333,14.99991969,2024,4,April,Monday,17
8160,70,15-07-2024,0,0,3,169,4,377.62,1,0,0,377.62,6,734,1,1,0,5,0,42,5,15,7,0,2,Short,0.047864466,224,377.62,1,0,12.23333333,0,2024,7,July,Monday,29
2705,71,14-12-2024,0,1,0,408,0,956.9,4,25,956.9,0,13,1744,0,0,0,4,1,0,1,14,12,5,3,Very Long,0,125,3827.6,0,0,29.06666667,25,2024,12,December,Saturday,50
5166,72,26-03-2024,0,1,5,678,4,453.27,2,0,0,0,12,1363,1,0,1,4,1,0,4,26,3,1,1,Very Long,0,1,906.54,0,1,22.71666667,0,2024,3,March,Tuesday,13
2169,73,16-04-2024,1,0,0,81,0,766.88,1,0,0,0,16,179,1,0,1,4,1,0,5,16,4,1,1,Very Short,0,29,766.88,0,1,2.983333333,0,2024,4,April,Tuesday,16
7177,74,13-02-2024,0,0,1,239,4,494.63,4,5,98.93,1879.59,12,637,1,1,0,3,1,3,3,13,2,1,3,Short,0.23824366,15,1978.52,1,0,10.61666667,5.000202171,2024,2,February,Tuesday,7
5280,75,16-07-2024,1,1,1,321,4,361.94,3,30,325.75,760.07,4,1320,1,1,0,5,0,27,3,16,7,1,2,Long,0.096341148,211,1085.82,1,0,22,30.00036839,2024,7,July,Tuesday,29
3971,76,15-03-2024,0,0,4,887,5,1001.55,1,0,0,0,22,889,0,0,0,4,1,0,2,15,3,4,1,Short,0,203,1001.55,0,0,14.81666667,0,2024,3,March,Friday,11
3041,77,07-11-2024,0,0,2,873,7,205.08,3,20,123.05,0,19,1737,0,0,0,4,1,0,2,7,11,3,0,Very Long,0,14,615.24,0,0,28.95,20.00032508,2024,11,November,Thursday,45
6079,78,16-04-2024,1,0,0,209,3,1148.23,1,5,57.41,0,1,687,1,0,1,4,1,0,0,16,4,1,1,Short,0,36,1148.23,0,1,11.45,4.999869364,2024,4,April,Tuesday,16
7027,79,30-08-2024,1,0,3,787,5,880.53,2,5,88.05,0,23,1701,1,0,1,4,1,0,2,30,8,4,2,Very Long,0,66,1761.06,0,1,28.35,4.999829648,2024,8,August,Friday,35
9461,80,10-03-2024,0,1,1,550,1,240.22,2,5,24.02,0,20,928,0,0,0,4,1,0,2,10,3,6,1,Long,0,21,480.44,0,0,15.46666667,4.999583715,2024,3,March,Sunday,10
4933,81,27-04-2024,0,1,3,461,3,717.73,1,0,0,0,17,1243,0,0,0,4,1,0,1,27,4,5,1,Long,0,9,717.73,0,0,20.71666667,0,2024,4,April,Saturday,17
2446,82,03-03-2024,1,0,2,185,2,1576.25,4,0,0,6305,4,1581,1,1,0,3,1,45,3,3,3,6,1,Very Long,0.799177627,46,6305,1,0,26.35,0,2024,3,March,Sunday,9
8493,83,20-07-2024,1,0,0,295,5,467.97,3,0,0,0,13,1088,1,0,1,4,1,0,3,20,7,5,2,Long,0,25,1403.91,0,1,18.13333333,0,2024,7,July,Saturday,29
6667,84,11-01-2024,1,1,0,492,5,1155.56,2,5,115.56,0,6,33,1,0,1,4,1,0,5,11,1,3,3,Very Short,0,6,2311.12,0,1,0.55,5.000173076,2024,1,January,Thursday,2
7301,85,31-01-2024,1,0,4,147,1,266.92,3,0,0,0,17,1767,1,0,1,4,1,0,3,31,1,2,3,Very Long,0,20,800.76,0,1,29.45,0,2024,1,January,Wednesday,5
1874,86,02-07-2024,0,1,1,421,0,194.94,2,10,38.99,0,2,1623,1,0,1,4,1,0,4,2,7,1,2,Very Long,0,17,389.88,0,1,27.05,10.00051298,2024,7,July,Tuesday,27
3810,87,18-07-2024,2,1,4,123,2,1894.89,2,0,0,0,19,1343,1,0,1,4,1,0,4,18,7,3,2,Long,0,218,3789.78,0,1,22.38333333,0,2024,7,July,Thursday,29
7909,88,30-04-2024,0,1,5,78,6,1392.83,4,0,0,5571.32,16,302,1,1,0,5,0,13,2,30,4,1,1,Very Short,0.70618149,4,5571.32,1,0,5.033333333,0,2024,4,April,Tuesday,18
8489,89,06-06-2024,0,0,0,139,5,811.02,3,0,0,0,22,1666,1,0,1,4,1,0,4,6,6,3,2,Very Long,0,187,2433.06,0,1,27.76666667,0,2024,6,June,Thursday,23
4916,90,01-06-2024,1,1,1,679,7,267.27,3,5,40.09,0,10,240,0,0,0,4,1,0,5,1,6,5,2,Very Short,0,63,801.81,0,0,4,4.999937641,2024,6,June,Saturday,22
8242,91,03-10-2024,0,0,5,478,7,537.22,3,15,241.75,0,7,677,1,0,1,4,1,0,1,3,10,3,0,Short,0,49,1611.66,0,1,11.28333333,15.00006205,2024,10,October,Thursday,40
8574,92,11-06-2024,1,1,5,741,0,713.73,4,20,570.98,0,7,1780,1,0,1,4,1,0,1,11,6,1,2,Very Long,0,140,2854.92,0,1,29.66666667,19.99985989,2024,6,June,Tuesday,24
4486,93,05-11-2024,0,1,5,628,0,326.38,1,0,0,0,18,198,1,0,1,4,1,0,4,5,11,1,0,Very Short,0,90,326.38,0,1,3.3,0,2024,11,November,Tuesday,45
9081,94,20-03-2024,1,1,2,41,5,1299.26,3,5,194.89,0,21,1026,1,0,1,4,1,0,2,20,3,2,1,Long,0,102,3897.78,0,1,17.1,5.000025656,2024,3,March,Wednesday,12
3594,95,13-03-2024,1,0,5,266,2,1315.98,2,15,394.79,0,18,1590,0,0,0,4,1,0,4,13,3,2,1,Very Long,0,168,2631.96,0,0,26.5,14.99984802,2024,3,March,Wednesday,11
3155,96,27-05-2024,1,1,4,306,0,712.19,1,0,0,0,23,628,1,0,1,4,1,0,1,27,5,0,1,Short,0,34,712.19,0,1,10.46666667,0,2024,5,May,Monday,22
7141,97,30-01-2024,1,1,2,884,2,1872.33,4,5,374.47,0,2,983,1,0,1,4,1,0,0,30,1,1,3,Long,0,197,7489.32,0,1,16.38333333,5.000053409,2024,1,January,Tuesday,5
6730,98,01-09-2024,0,0,2,538,7,850.72,1,15,127.61,0,13,1473,1,0,1,4,1,0,4,1,9,6,0,Very Long,0,76,850.72,0,1,24.55,15.00023509,2024,9,September,Sunday,35
2257,99,22-05-2024,1,1,2,419,1,412.72,1,15,61.91,0,24,662,1,0,1,4,1,0,1,22,5,2,1,Short,0,35,412.72,0,1,11.03333333,15.00048459,2024,5,May,Wednesday,21
8493,100,13-05-2024,1,1,5,840,0,988.76,1,20,197.75,0,20,906,1,0,1,4,1,0,1,13,5,0,1,Long,0,140,988.76,0,1,15.1,19.99979773,2024,5,May,Monday,20
2798,101,13-07-2024,1,1,0,535,2,1855.47,3,20,1113.28,0,2,114,1,0,1,4,1,0,0,13,7,5,2,Very Short,0,117,5566.41,0,1,1.9,19.99996407,2024,7,July,Saturday,28
8243,102,30-01-2024,0,0,5,659,5,1311.93,4,10,524.77,0,2,1701,1,0,1,4,1,0,4,30,1,1,3,Very Long,0,163,5247.72,0,1,28.35,9.999961888,2024,1,January,Tuesday,5
1066,103,17-05-2024,0,1,1,481,5,845.68,4,25,845.68,0,13,1264,1,0,1,4,1,0,0,17,5,4,1,Long,0,77,3382.72,0,1,21.06666667,25,2024,5,May,Friday,20
8170,104,20-12-2024,0,0,2,364,0,155.36,3,0,0,0,17,1774,1,0,1,4,1,0,3,20,12,4,3,Very Long,0,140,466.08,0,1,29.56666667,0,2024,12,December,Friday,51
8081,105,17-08-2024,1,1,3,693,3,884.9,1,20,176.98,707.92,19,1013,1,1,0,4,4,47,2,17,8,5,2,Long,0.089730979,128,884.9,1,0,16.88333333,20,2024,8,August,Saturday,33
8022,106,28-07-2024,1,1,2,328,5,1156.58,3,0,0,0,12,471,1,0,1,4,1,0,3,28,7,6,2,Short,0,167,3469.74,0,1,7.85,0,2024,7,July,Sunday,30
6982,107,03-07-2024,2,0,5,841,1,646.87,4,5,129.37,0,21,1014,0,0,0,4,1,0,0,3,7,2,2,Long,0,200,2587.48,0,0,16.9,4.999845409,2024,7,July,Wednesday,27
5243,108,20-06-2024,1,1,2,299,0,605.61,2,10,121.12,0,18,1698,1,0,1,4,1,0,5,20,6,3,2,Very Long,0,14,1211.22,0,1,28.3,9.999834877,2024,6,June,Thursday,25
7345,109,07-12-2024,1,1,5,761,0,549.85,3,10,164.96,0,14,1773,1,0,1,4,1,0,5,7,12,5,3,Very Long,0,76,1649.55,0,1,29.55,10.00030311,2024,12,December,Saturday,49
3493,110,05-12-2024,1,0,5,66,5,1289.36,2,15,386.81,0,4,127,1,0,1,4,1,0,5,5,12,3,3,Very Short,0,172,2578.72,0,1,2.116666667,15.00007756,2024,12,December,Thursday,49
8025,111,29-05-2024,0,0,5,462,6,317.14,2,10,63.43,570.85,5,1017,1,1,0,5,4,17,0,29,5,2,1,Long,0.072356947,77,634.28,1,0,16.95,10.00031532,2024,5,May,Wednesday,22
6000,112,03-12-2024,1,1,4,432,3,1490.71,3,30,1341.64,0,23,1102,0,0,0,4,1,0,0,3,12,1,3,Long,0,85,4472.13,0,0,18.36666667,30.00002236,2024,12,December,Tuesday,49
5129,113,31-01-2024,1,1,1,843,1,346.05,2,5,34.61,0,23,1111,1,0,1,4,1,0,1,31,1,2,3,Long,0,34,692.1,0,1,18.51666667,5.000722439,2024,1,January,Wednesday,5
5549,114,26-04-2024,0,0,2,335,4,445.17,3,15,200.33,0,22,826,1,0,1,4,1,0,4,26,4,4,1,Short,0,48,1335.51,0,1,13.76666667,15.00026207,2024,4,April,Friday,17
6118,115,20-04-2024,0,1,2,376,0,297.9,3,10,89.37,0,6,601,0,0,0,4,1,0,3,20,4,5,1,Short,0,119,893.7,0,0,10.01666667,10,2024,4,April,Saturday,16
1335,116,11-09-2024,0,0,3,55,3,1168.82,1,20,233.76,0,10,1159,0,0,0,4,1,0,1,11,9,2,0,Long,0,90,1168.82,0,0,19.31666667,19.99965777,2024,9,September,Wednesday,37
2258,117,09-08-2024,1,0,1,66,0,342.89,2,10,68.58,617.2,20,855,1,1,0,3,1,30,0,9,8,4,2,Short,0.078231948,157,685.78,1,0,14.25,10.00029164,2024,8,August,Friday,32
3209,118,21-06-2024,0,1,3,504,7,504.35,2,0,0,0,3,469,0,0,0,4,1,0,4,21,6,4,2,Short,0,68,1008.7,0,0,7.816666667,0,2024,6,June,Friday,25
2030,119,03-04-2024,0,0,2,119,5,415.02,1,0,0,415.02,8,1034,1,1,0,2,2,33,2,3,4,2,1,Long,0.052605028,118,415.02,1,0,17.23333333,0,2024,4,April,Wednesday,14
4956,120,04-07-2024,0,1,1,301,3,1499.58,1,20,299.92,1199.66,8,1575,1,1,0,2,6,25,4,4,7,3,2,Very Long,0.152060497,222,1499.58,1,0,26.25,20.00026674,2024,7,July,Thursday,27
7014,121,08-04-2024,1,0,0,855,5,772.57,3,10,231.77,0,21,166,1,0,1,4,1,0,1,8,4,0,1,Very Short,0,44,2317.71,0,1,2.766666667,9.999956854,2024,4,April,Monday,15
6889,122,30-06-2024,1,0,4,261,7,217.59,1,0,0,0,20,992,1,0,1,4,1,0,1,30,6,6,2,Long,0,175,217.59,0,1,16.53333333,0,2024,6,June,Sunday,26
5239,123,03-05-2024,2,1,1,845,6,625.89,1,5,31.29,594.6,9,1739,1,1,0,1,6,34,2,3,5,4,1,Very Long,0.07536733,86,625.89,1,0,28.98333333,4.999281024,2024,5,May,Friday,18
8694,124,20-11-2024,1,0,0,376,6,652.85,4,10,261.14,0,2,1756,0,0,0,4,1,0,1,20,11,2,0,Very Long,0,204,2611.4,0,0,29.26666667,10,2024,11,November,Wednesday,47
6086,125,29-09-2024,0,1,1,821,3,982.23,4,0,0,3928.92,22,1101,1,1,0,4,10,41,0,29,9,6,0,Long,0.498002373,109,3928.92,1,0,18.35,0,2024,9,September,Sunday,39
1712,126,04-03-2024,0,1,5,314,2,832.56,4,0,0,0,12,1181,0,0,0,4,1,0,4,4,3,0,1,Long,0,12,3330.24,0,0,19.68333333,0,2024,3,March,Monday,10
7884,127,09-12-2024,1,1,1,675,2,1910.48,1,20,382.1,0,8,1069,0,0,0,4,1,0,1,9,12,0,3,Long,0,38,1910.48,0,0,17.81666667,20.00020937,2024,12,December,Monday,50
6170,128,28-08-2024,1,1,1,134,1,107.69,4,5,21.54,409.22,2,653,1,1,0,3,1,26,5,28,8,2,2,Short,0.05186986,139,430.76,1,0,10.88333333,5.000464296,2024,8,August,Wednesday,35
6711,129,07-05-2024,1,1,3,610,2,981.34,4,0,0,0,18,1645,1,0,1,4,1,0,0,7,5,1,1,Very Long,0,123,3925.36,0,1,27.41666667,0,2024,5,May,Tuesday,19
6087,130,12-07-2024,0,0,1,300,4,204.24,1,0,0,0,20,528,1,0,1,4,1,0,3,12,7,4,2,Short,0,64,204.24,0,1,8.8,0,2024,7,July,Friday,28
5981,131,12-03-2024,2,1,1,753,5,237.08,1,15,35.56,0,20,445,1,0,1,4,1,0,1,12,3,1,1,Very Short,0,88,237.08,0,1,7.416666667,14.9991564,2024,3,March,Tuesday,11
1815,132,18-01-2024,0,0,1,409,0,482.79,3,15,217.26,0,2,903,0,0,0,4,1,0,2,18,1,3,3,Short,0,175,1448.37,0,0,15.05,15.00031069,2024,1,January,Thursday,3
6032,133,02-06-2024,1,1,2,400,4,119.85,3,0,0,0,18,397,1,0,1,4,1,0,5,2,6,6,2,Very Short,0,48,359.55,0,1,6.616666667,0,2024,6,June,Sunday,22
8153,134,12-10-2024,1,1,2,585,1,196.81,3,20,118.09,472.34,16,748,1,1,0,5,3,49,4,12,10,5,0,Short,0.059870509,128,590.43,1,0,12.46666667,20.00067747,2024,10,October,Saturday,41
3735,135,08-05-2024,1,0,2,492,1,157.38,1,30,47.21,110.17,5,1704,1,1,0,1,9,49,2,8,5,2,1,Very Long,0.013964377,57,157.38,1,0,28.4,29.99745838,2024,5,May,Wednesday,19
6424,136,20-05-2024,1,1,2,496,2,1594.29,3,0,0,0,8,987,0,0,0,4,1,0,5,20,5,0,1,Long,0,94,4782.87,0,0,16.45,0,2024,5,May,Monday,21
1277,137,27-12-2024,1,0,3,807,5,403.3,2,0,0,0,9,1789,1,0,1,4,1,0,1,27,12,4,3,Very Long,0,151,806.6,0,1,29.81666667,0,2024,12,December,Friday,52
4127,138,26-12-2024,1,1,1,666,2,1425.39,2,5,142.54,0,23,330,1,0,1,4,1,0,5,26,12,3,3,Very Short,0,51,2850.78,0,1,5.5,5.000035078,2024,12,December,Thursday,52
4930,139,18-06-2024,1,0,1,51,6,1922,4,0,0,0,19,372,1,0,1,4,1,0,5,18,6,1,2,Very Short,0,201,7688,0,1,6.2,0,2024,6,June,Tuesday,25
9843,140,17-01-2024,0,0,3,857,1,189.57,4,5,37.91,0,7,105,0,0,0,4,1,0,5,17,1,2,3,Very Short,0,52,758.28,0,0,1.75,4.99947249,2024,1,January,Wednesday,3
2931,141,04-09-2024,0,1,2,506,3,1207.13,4,15,724.28,4104.24,9,1297,1,1,0,4,5,36,5,4,9,2,0,Long,0.520224708,118,4828.52,1,0,21.61666667,15.00004142,2024,9,September,Wednesday,36
3488,142,17-09-2024,1,1,1,62,4,289.18,2,15,86.75,0,13,1678,0,0,0,4,1,0,5,17,9,1,0,Very Long,0,213,578.36,0,0,27.96666667,14.99930839,2024,9,September,Tuesday,38
4676,143,29-11-2024,1,1,0,342,7,356.93,4,20,285.54,0,8,1285,0,0,0,4,1,0,5,29,11,4,0,Long,0,124,1427.72,0,0,21.41666667,19.99971983,2024,11,November,Friday,48
9932,144,12-12-2024,1,1,5,17,2,943.38,1,0,0,943.38,15,755,1,1,0,2,2,36,3,12,12,3,3,Short,0.119576239,224,943.38,1,0,12.58333333,0,2024,12,December,Thursday,50
8679,145,17-08-2024,1,1,2,499,4,55.65,3,25,41.74,0,20,757,1,0,1,4,1,0,2,17,8,5,2,Short,0,99,166.95,0,1,12.61666667,25.00149745,2024,8,August,Saturday,33
1312,146,09-02-2024,0,1,5,566,6,1103.54,3,0,0,3310.62,20,616,1,1,0,3,1,4,4,9,2,4,3,Short,0.419630997,217,3310.62,1,0,10.26666667,0,2024,2,February,Friday,6
3105,147,01-04-2024,1,1,3,860,0,217.58,3,0,0,0,1,187,0,0,0,4,1,0,4,1,4,0,1,Very Short,0,30,652.74,0,0,3.116666667,0,2024,4,April,Monday,14
8394,148,18-09-2024,2,0,0,608,4,273.63,1,10,27.36,0,20,359,1,0,1,4,1,0,2,18,9,2,0,Very Short,0,45,273.63,0,1,5.983333333,9.998903629,2024,9,September,Wednesday,38
1524,149,09-08-2024,0,1,2,706,2,978.16,4,5,195.63,0,12,799,1,0,1,4,1,0,2,9,8,4,2,Short,0,202,3912.64,0,1,13.31666667,4.999948884,2024,8,August,Friday,32
8700,150,08-06-2024,0,0,5,726,4,285.21,3,15,128.34,0,9,1544,1,0,1,4,1,0,5,8,6,5,2,Very Long,0,187,855.63,0,1,25.73333333,14.99947407,2024,6,June,Saturday,23
3532,151,26-05-2024,0,1,1,428,4,64.08,1,10,6.41,0,1,55,0,0,0,4,1,0,3,26,5,6,1,Very Short,0,7,64.08,0,0,0.916666667,10.0031211,2024,5,May,Sunday,21
9257,152,15-09-2024,1,1,4,351,6,652.34,1,5,32.62,0,1,1204,0,0,0,4,1,0,3,15,9,6,0,Long,0,56,652.34,0,0,20.06666667,5.000459883,2024,9,September,Sunday,37
3642,153,03-06-2024,0,1,0,612,2,1401.02,3,10,420.31,0,9,549,1,0,1,4,1,0,1,3,6,0,2,Short,0,133,4203.06,0,1,9.15,10.00009517,2024,6,June,Monday,23
4908,154,26-02-2024,1,1,1,64,0,972.14,1,30,291.64,680.5,18,637,1,1,0,3,1,34,0,26,2,0,3,Short,0.086255412,52,972.14,1,0,10.61666667,29.99979427,2024,2,February,Monday,9
6956,155,23-12-2024,0,1,5,506,3,1197.97,3,10,359.39,0,24,1270,1,0,1,4,1,0,5,23,12,0,3,Long,0,100,3593.91,0,1,21.16666667,9.999972175,2024,12,December,Monday,52
2136,156,07-05-2024,0,0,0,155,5,1253.85,2,0,0,2507.7,20,931,1,1,0,5,5,18,4,7,5,1,1,Long,0.317858483,203,2507.7,1,0,15.51666667,0,2024,5,May,Tuesday,19
6012,157,11-04-2024,0,1,2,177,6,1391.19,2,0,0,0,21,1671,1,0,1,4,1,0,4,11,4,3,1,Very Long,0,111,2782.38,0,1,27.85,0,2024,4,April,Thursday,15
5544,158,26-01-2024,0,0,0,789,1,295.93,2,0,0,591.86,17,840,1,1,0,4,3,39,1,26,1,4,3,Short,0.075020027,159,591.86,1,0,14,0,2024,1,January,Friday,4
8054,159,20-06-2024,1,0,2,409,6,1712.12,3,0,0,5136.36,6,669,1,1,0,2,2,7,2,20,6,3,2,Short,0.651049008,69,5136.36,1,0,11.15,0,2024,6,June,Thursday,25
9963,160,25-12-2024,2,0,2,494,1,147.88,1,0,0,0,9,54,0,0,0,4,1,0,0,25,12,2,3,Very Short,0,121,147.88,0,0,0.9,0,2024,12,December,Wednesday,52
6978,161,28-02-2024,1,1,2,99,3,761.37,3,15,342.62,0,2,765,1,0,1,4,1,0,4,28,2,2,3,Short,0,172,2284.11,0,1,12.75,15.00015323,2024,2,February,Wednesday,9
4682,162,30-03-2024,1,1,5,245,1,270.76,3,10,81.23,0,21,751,0,0,0,4,1,0,0,30,3,5,1,Short,0,63,812.28,0,0,12.51666667,10.00024622,2024,3,March,Saturday,13
4657,163,06-03-2024,0,1,2,410,6,1251.49,3,0,0,3754.47,11,189,1,1,0,4,4,42,4,6,3,2,1,Very Short,0.475890313,167,3754.47,1,0,3.15,0,2024,3,March,Wednesday,10
4761,164,04-02-2024,1,0,0,814,7,197.03,3,5,29.55,0,24,1159,0,0,0,4,1,0,5,4,2,6,3,Long,0,83,591.09,0,0,19.31666667,4.999238695,2024,2,February,Sunday,5
8325,165,08-08-2024,1,0,4,395,4,305.41,4,0,0,0,10,1056,0,0,0,4,1,0,3,8,8,3,2,Long,0,3,1221.64,0,0,17.6,0,2024,8,August,Thursday,32
3890,166,18-04-2024,1,0,5,566,4,394.1,3,5,59.12,0,9,718,0,0,0,4,1,0,5,18,4,3,1,Short,0,58,1182.3,0,0,11.96666667,5.000422905,2024,4,April,Thursday,16
2502,167,01-10-2024,1,0,2,627,7,374.68,3,20,224.81,0,18,30,1,0,1,4,1,0,0,1,10,1,0,Very Short,0,13,1124.04,0,1,0.5,20.00017793,2024,10,October,Tuesday,40
4008,168,26-05-2024,0,1,1,178,1,458.63,3,0,0,0,17,1690,0,0,0,4,1,0,2,26,5,6,1,Very Long,0,27,1375.89,0,0,28.16666667,0,2024,5,May,Sunday,21
1204,169,20-08-2024,0,0,1,242,5,632.95,3,0,0,0,8,890,0,0,0,4,1,0,5,20,8,1,2,Short,0,126,1898.85,0,0,14.83333333,0,2024,8,August,Tuesday,34
1955,170,02-02-2024,0,0,0,476,1,489.49,3,30,440.54,0,17,723,1,0,1,4,1,0,5,2,2,4,3,Short,0,145,1468.47,0,1,12.05,29.9999319,2024,2,February,Friday,5
1810,171,30-04-2024,1,1,2,353,5,456.74,1,5,22.84,0,20,1006,0,0,0,4,1,0,4,30,4,1,1,Long,0,56,456.74,0,0,16.76666667,5.000656829,2024,4,April,Tuesday,18
7943,172,31-05-2024,1,1,5,732,6,825.76,4,20,660.61,2642.43,6,1752,1,1,0,5,3,21,5,31,5,4,1,Very Long,0.334935914,219,3303.04,1,0,29.2,20.00006055,2024,5,May,Friday,22
7500,173,22-01-2024,2,1,0,370,4,486.38,1,0,0,0,7,1641,1,0,1,4,1,0,5,22,1,0,3,Very Long,0,110,486.38,0,1,27.35,0,2024,1,January,Monday,4
7270,174,02-06-2024,0,0,1,403,4,455.57,1,5,22.78,0,9,659,0,0,0,4,1,0,3,2,6,6,2,Short,0,208,455.57,0,0,10.98333333,5.000329258,2024,6,June,Sunday,22
5156,175,20-06-2024,1,1,0,154,1,496.86,3,10,149.06,0,17,1694,0,0,0,4,1,0,5,20,6,3,2,Very Long,0,191,1490.58,0,0,28.23333333,10.00013418,2024,6,June,Thursday,25
7452,176,27-05-2024,1,0,4,631,1,646.61,3,0,0,0,20,202,0,0,0,4,1,0,1,27,5,0,1,Very Short,0,60,1939.83,0,0,3.366666667,0,2024,5,May,Monday,22
2451,177,03-07-2024,0,1,3,658,7,676.24,3,20,405.74,1622.98,16,461,1,1,0,5,4,13,1,3,7,2,2,Short,0.205717574,196,2028.72,1,0,7.683333333,19.99980283,2024,7,July,Wednesday,27
9104,178,17-10-2024,0,1,5,415,6,1681.91,3,20,1009.15,0,17,19,0,0,0,4,1,0,5,17,10,3,0,Very Short,0,100,5045.73,0,0,0.316666667,20.00007927,2024,10,October,Thursday,42
5508,179,08-10-2024,1,0,4,601,2,1707.61,2,20,683.04,2732.18,21,1318,1,1,0,5,10,24,5,8,10,1,0,Long,0.346311995,213,3415.22,1,0,21.96666667,19.99988288,2024,10,October,Tuesday,41
9441,180,06-01-2024,1,0,5,874,3,480.06,2,20,192.02,0,22,1071,1,0,1,4,1,0,0,6,1,5,3,Long,0,93,960.12,0,1,17.85,19.99958339,2024,1,January,Saturday,1
2370,181,21-08-2024,0,0,5,360,2,1134.82,3,30,1021.34,0,9,1264,0,0,0,4,1,0,2,21,8,2,2,Long,0,129,3404.46,0,0,21.06666667,30.00005875,2024,8,August,Wednesday,34
5475,182,25-11-2024,0,0,4,15,2,888.19,1,5,44.41,0,24,1282,0,0,0,4,1,0,1,25,11,0,0,Long,0,183,888.19,0,0,21.36666667,5.000056294,2024,11,November,Monday,48
7266,183,14-11-2024,0,0,1,142,3,520.42,3,5,78.06,0,18,98,1,0,1,4,1,0,3,14,11,3,0,Very Short,0,123,1561.26,0,1,1.633333333,4.999807848,2024,11,November,Thursday,46
5460,184,28-04-2024,1,0,3,578,1,315.75,3,0,0,0,11,918,0,0,0,4,1,0,0,28,4,6,1,Long,0,44,947.25,0,0,15.3,0,2024,4,April,Sunday,17
5014,185,12-10-2024,1,0,3,707,5,783.46,1,0,0,0,8,1255,1,0,1,4,1,0,0,12,10,5,0,Long,0,168,783.46,0,1,20.91666667,0,2024,10,October,Saturday,41
2495,186,19-10-2024,0,0,5,483,0,536.34,1,0,0,0,18,149,0,0,0,4,1,0,3,19,10,5,0,Very Short,0,107,536.34,0,0,2.483333333,0,2024,10,October,Saturday,42
4428,187,13-05-2024,1,0,2,622,4,269.37,4,0,0,0,8,1291,0,0,0,4,1,0,5,13,5,0,1,Long,0,137,1077.48,0,0,21.51666667,0,2024,5,May,Monday,20
3148,188,13-11-2024,2,0,0,12,2,671.83,3,10,201.55,0,22,165,1,0,1,4,1,0,5,13,11,2,0,Very Short,0,198,2015.49,0,1,2.75,10.00004962,2024,11,November,Wednesday,46
3713,189,18-08-2024,0,0,5,597,3,502.22,3,15,226,0,3,1347,1,0,1,4,1,0,0,18,8,6,2,Long,0,111,1506.66,0,1,22.45,15.00006637,2024,8,August,Sunday,33
7152,190,01-10-2024,0,1,5,572,0,543.67,2,0,0,0,22,974,0,0,0,4,1,0,1,1,10,1,0,Long,0,94,1087.34,0,0,16.23333333,0,2024,10,October,Tuesday,40
6671,191,29-09-2024,0,0,5,850,7,1017.34,2,25,508.67,0,12,827,0,0,0,4,1,0,0,29,9,6,0,Short,0,92,2034.68,0,0,13.78333333,25,2024,9,September,Sunday,39
6464,192,12-10-2024,0,0,2,353,6,889.74,2,15,266.92,0,13,1787,0,0,0,4,1,0,3,12,10,5,0,Very Long,0,115,1779.48,0,0,29.78333333,14.99988761,2024,10,October,Saturday,41
4255,193,15-12-2024,1,1,0,722,6,561.28,1,15,84.19,0,13,786,0,0,0,4,1,0,4,15,12,6,3,Short,0,182,561.28,0,0,13.1,14.99964367,2024,12,December,Sunday,50
9636,194,08-11-2024,1,0,2,218,4,191.56,1,20,38.31,0,9,247,1,0,1,4,1,0,5,8,11,4,0,Very Short,0,182,191.56,0,1,4.116666667,19.99895594,2024,11,November,Friday,45
1788,195,03-06-2024,1,0,5,807,1,443.67,3,25,332.75,0,11,758,0,0,0,4,1,0,0,3,6,0,2,Short,0,7,1331.01,0,0,12.63333333,24.99981217,2024,6,June,Monday,23
4082,196,24-07-2024,0,1,0,496,5,1791.4,4,10,716.56,0,22,260,1,0,1,4,1,0,3,24,7,2,2,Very Short,0,224,7165.6,0,1,4.333333333,10,2024,7,July,Wednesday,30
2061,197,24-08-2024,1,0,5,683,0,188.4,4,10,75.36,0,16,1354,0,0,0,4,1,0,4,24,8,5,2,Long,0,90,753.6,0,0,22.56666667,10,2024,8,August,Saturday,34
4050,198,08-11-2024,0,1,2,472,7,255.41,2,0,0,0,23,352,1,0,1,4,1,0,4,8,11,4,0,Very Short,0,81,510.82,0,1,5.866666667,0,2024,11,November,Friday,45
9656,199,23-05-2024,0,1,3,670,0,298.03,1,0,0,0,4,43,0,0,0,4,1,0,0,23,5,3,1,Very Short,0,156,298.03,0,0,0.716666667,0,2024,5,May,Thursday,21
4296,200,24-04-2024,0,1,4,727,4,317.01,3,15,142.65,0,22,1469,1,0,1,4,1,0,2,24,4,2,1,Very Long,0,199,951.03,0,1,24.48333333,14.99952683,2024,4,April,Wednesday,17
9176,201,26-09-2024,1,1,3,681,5,213.92,4,10,85.57,770.11,19,306,1,1,0,4,0,49,4,26,9,3,0,Very Short,0.097613748,157,855.68,1,0,5.1,10.00023373,2024,9,September,Thursday,39
5455,202,14-12-2024,1,0,3,884,6,916.89,2,15,275.07,0,15,1386,1,0,1,4,1,0,0,14,12,5,3,Very Long,0,92,1833.78,0,1,23.1,15.0001636,2024,12,December,Saturday,50
7296,203,28-11-2024,1,0,1,849,7,976.56,4,15,585.94,0,19,1600,1,0,1,4,1,0,4,28,11,3,0,Very Long,0,72,3906.24,0,1,26.66666667,15.0001024,2024,11,November,Thursday,48
5116,204,24-02-2024,1,0,0,715,1,333.47,2,0,0,0,11,421,1,0,1,4,1,0,4,24,2,5,3,Very Short,0,190,666.94,0,1,7.016666667,0,2024,2,February,Saturday,8
3392,205,01-12-2024,0,0,3,471,3,593.22,4,20,474.58,0,18,1532,1,0,1,4,1,0,2,1,12,6,3,Very Long,0,93,2372.88,0,1,25.53333333,20.00016857,2024,12,December,Sunday,48
7877,206,15-10-2024,0,1,3,83,4,243.59,1,20,48.72,0,18,426,1,0,1,4,1,0,3,15,10,1,0,Very Short,0,11,243.59,0,1,7.1,20.00082105,2024,10,October,Tuesday,42
9721,207,27-02-2024,1,1,2,369,3,1386.25,2,10,277.25,0,10,1496,1,0,1,4,1,0,0,27,2,1,3,Very Long,0,162,2772.5,0,1,24.93333333,10,2024,2,February,Tuesday,9
3371,208,03-01-2024,2,0,4,545,0,354.8,3,0,0,0,13,1101,0,0,0,4,1,0,4,3,1,2,3,Long,0,120,1064.4,0,0,18.35,0,2024,1,January,Wednesday,1
8007,209,15-03-2024,1,1,1,864,0,660.17,3,10,198.05,0,1,161,1,0,1,4,1,0,3,15,3,4,1,Very Short,0,106,1980.51,0,1,2.683333333,9.999949508,2024,3,March,Friday,11
3349,210,05-12-2024,0,0,0,284,3,479.14,4,0,0,0,10,1485,0,0,0,4,1,0,4,5,12,3,3,Very Long,0,28,1916.56,0,0,24.75,0,2024,12,December,Thursday,49
7451,211,02-10-2024,2,1,4,871,5,1783.44,2,0,0,0,6,1732,1,0,1,4,1,0,3,2,10,2,0,Very Long,0,84,3566.88,0,1,28.86666667,0,2024,10,October,Wednesday,40
8100,212,28-07-2024,0,0,2,521,0,173.91,3,30,156.52,0,12,135,0,0,0,4,1,0,1,28,7,6,2,Very Short,0,149,521.73,0,0,2.25,30.00019167,2024,7,July,Sunday,30
5043,213,18-08-2024,0,1,2,784,2,1301.52,3,20,780.91,0,13,215,1,0,1,4,1,0,2,18,8,6,2,Very Short,0,197,3904.56,0,1,3.583333333,19.99994878,2024,8,August,Sunday,33
7631,214,30-05-2024,0,1,1,637,7,350.27,4,10,140.11,0,15,807,0,0,0,4,1,0,5,30,5,3,1,Short,0,159,1401.08,0,0,13.45,10.00014275,2024,5,May,Thursday,22
3449,215,26-11-2024,0,1,3,516,6,1499.31,1,30,449.79,1049.52,5,1511,1,1,0,2,7,8,5,26,11,1,0,Very Long,0.133029802,88,1499.31,1,0,25.18333333,29.99979991,2024,11,November,Tuesday,48
1713,216,27-02-2024,1,1,0,726,6,1086.95,1,5,54.35,0,9,1792,0,0,0,4,1,0,0,27,2,1,3,Very Long,0,10,1086.95,0,0,29.86666667,5.000230001,2024,2,February,Tuesday,9
1867,217,24-04-2024,1,1,0,563,7,330.73,1,30,99.22,0,8,475,1,0,1,4,1,0,1,24,4,2,1,Short,0,147,330.73,0,1,7.916666667,30.00030236,2024,4,April,Wednesday,17
5022,218,14-03-2024,0,1,1,730,7,222.24,3,0,0,0,1,1462,0,0,0,4,1,0,5,14,3,3,1,Very Long,0,117,666.72,0,0,24.36666667,0,2024,3,March,Thursday,11
9122,219,05-11-2024,0,1,3,403,6,1390.1,3,0,0,0,14,476,0,0,0,4,1,0,1,5,11,1,0,Short,0,160,4170.3,0,0,7.933333333,0,2024,11,November,Tuesday,45
2148,220,16-07-2024,1,0,3,32,1,385.29,1,0,0,0,19,113,0,0,0,4,1,0,3,16,7,1,2,Very Short,0,86,385.29,0,0,1.883333333,0,2024,7,July,Tuesday,29
5101,221,06-09-2024,1,1,2,189,1,675.87,3,10,202.76,0,14,1213,0,0,0,4,1,0,2,6,9,4,0,Long,0,199,2027.61,0,0,20.21666667,9.999950681,2024,9,September,Friday,36
7335,222,01-12-2024,0,1,2,474,6,739.72,1,0,0,0,14,1255,1,0,1,4,1,0,0,1,12,6,3,Long,0,0,739.72,0,1,20.91666667,0,2024,12,December,Sunday,48
2821,223,12-03-2024,0,0,1,90,6,1926.47,4,20,1541.18,6164.7,23,954,1,1,0,4,10,12,2,12,3,1,1,Long,0.781394182,176,7705.88,1,0,15.9,20.00005191,2024,3,March,Tuesday,11
7493,224,18-12-2024,1,0,3,411,2,569.02,4,0,0,0,2,1768,0,0,0,4,1,0,1,18,12,2,3,Very Long,0,223,2276.08,0,0,29.46666667,0,2024,12,December,Wednesday,51
3753,225,16-02-2024,2,0,4,11,1,628.99,4,15,377.39,0,13,32,1,0,1,4,1,0,1,16,2,4,3,Very Short,0,13,2515.96,0,1,0.533333333,14.99984101,2024,2,February,Friday,7
8277,226,02-10-2024,0,0,5,458,6,1136.24,4,15,681.74,0,13,853,1,0,1,4,1,0,4,2,10,2,0,Short,0,137,4544.96,0,1,14.21666667,14.99991199,2024,10,October,Wednesday,40
6212,227,13-09-2024,1,1,0,191,6,1076.93,1,10,107.69,0,22,198,1,0,1,4,1,0,2,13,9,4,0,Very Short,0,115,1076.93,0,1,3.3,9.99972143,2024,9,September,Friday,37
5921,228,28-10-2024,1,1,3,670,2,1471.15,4,10,588.46,5296.14,9,1760,1,1,0,5,5,25,2,28,10,0,0,Very Long,0.671301601,83,5884.6,1,0,29.33333333,10,2024,10,October,Monday,44
2590,229,27-02-2024,0,0,4,484,1,378.3,3,15,170.24,964.67,7,347,1,1,0,2,9,32,1,27,2,1,3,Very Short,0.122274811,204,1134.9,1,0,5.783333333,15.00044057,2024,2,February,Tuesday,9
5168,230,16-12-2024,2,1,0,814,7,509.26,3,30,458.33,0,12,1454,0,0,0,4,1,0,2,16,12,0,3,Very Long,0,24,1527.78,0,0,24.23333333,29.99973818,2024,12,December,Monday,51
8708,231,16-10-2024,1,0,2,810,6,1889.33,3,25,1417,0,19,1654,0,0,0,4,1,0,0,16,10,2,0,Very Long,0,148,5667.99,0,0,27.56666667,25.00004411,2024,10,October,Wednesday,42
1175,232,10-02-2024,1,1,5,355,2,992.27,3,0,0,0,12,68,0,0,0,4,1,0,2,10,2,5,3,Very Short,0,213,2976.81,0,0,1.133333333,0,2024,2,February,Saturday,6
7825,233,22-07-2024,1,1,2,373,4,104.17,3,5,15.63,0,10,721,0,0,0,4,1,0,0,22,7,0,2,Short,0,37,312.51,0,0,12.01666667,5.001439954,2024,7,July,Monday,30
5434,234,25-10-2024,0,0,5,460,3,503.11,3,0,0,1509.33,24,1036,1,1,0,5,10,39,4,25,10,4,0,Long,0.191312096,116,1509.33,1,0,17.26666667,0,2024,10,October,Friday,43
7474,235,23-06-2024,1,0,4,576,6,1660.47,2,5,166.05,0,15,444,1,0,1,4,1,0,1,23,6,6,2,Very Short,0,217,3320.94,0,1,7.4,5.000090336,2024,6,June,Sunday,25
6969,236,19-05-2024,1,1,1,590,7,787.58,4,10,315.03,2835.29,9,1047,1,1,0,4,3,44,2,19,5,6,1,Long,0.359381496,87,3150.32,1,0,17.45,9.999936514,2024,5,May,Sunday,20
4888,237,10-04-2024,0,1,3,415,0,443.45,2,0,0,0,4,391,1,0,1,4,1,0,0,10,4,2,1,Very Short,0,199,886.9,0,1,6.516666667,0,2024,4,April,Wednesday,15
3777,238,07-07-2024,1,0,1,469,2,768.29,3,0,0,2304.87,1,1385,1,1,0,3,1,45,4,7,7,6,2,Very Long,0.292149173,59,2304.87,1,0,23.08333333,0,2024,7,July,Sunday,27
6645,239,25-12-2024,2,1,0,12,3,1464.85,2,15,439.46,0,18,311,0,0,0,4,1,0,0,25,12,2,3,Very Short,0,158,2929.7,0,0,5.183333333,15.00017067,2024,12,December,Wednesday,52
2261,240,09-08-2024,1,0,1,65,3,566.88,1,15,85.03,0,15,1765,0,0,0,4,1,0,5,9,8,4,2,Very Long,0,179,566.88,0,0,29.41666667,14.99964719,2024,8,August,Friday,32
6256,241,20-09-2024,1,1,0,384,2,1902.24,4,10,760.9,6848.06,1,1710,1,1,0,4,10,42,3,20,9,4,0,Very Long,0.868012107,125,7608.96,1,0,28.5,10.00005257,2024,9,September,Friday,38
1852,242,11-10-2024,0,1,2,842,2,1941.97,1,5,97.1,0,8,1340,1,0,1,4,1,0,1,11,10,4,0,Long,0,80,1941.97,0,1,22.33333333,5.000077241,2024,10,October,Friday,41
6847,243,10-10-2024,0,0,3,333,2,947.09,1,0,0,0,7,161,1,0,1,4,1,0,4,10,10,3,0,Very Short,0,223,947.09,0,1,2.683333333,0,2024,10,October,Thursday,41
6658,244,26-05-2024,0,1,0,891,1,520.82,3,0,0,1562.46,19,87,1,1,0,1,8,15,2,26,5,6,1,Very Short,0.198046483,147,1562.46,1,0,1.45,0,2024,5,May,Sunday,21
1759,245,07-10-2024,1,1,4,284,1,576.32,2,20,230.53,922.11,23,965,1,1,0,4,10,23,4,7,10,0,0,Long,0.116880203,41,1152.64,1,0,16.08333333,20.00017351,2024,10,October,Monday,41
7816,246,29-04-2024,1,0,5,45,5,233.01,3,10,69.9,0,21,435,1,0,1,4,1,0,0,29,4,0,1,Very Short,0,204,699.03,0,1,7.25,9.999570834,2024,4,April,Monday,18
4741,247,01-08-2024,2,1,0,274,5,1373.19,2,10,274.64,2471.74,4,1157,1,1,0,3,1,32,2,1,8,3,2,Long,0.313300445,82,2746.38,1,0,19.28333333,10.00007282,2024,8,August,Thursday,31
8081,248,20-04-2024,0,0,1,347,3,866.56,1,10,86.66,0,11,151,1,0,1,4,1,0,1,20,4,5,1,Very Short,0,29,866.56,0,1,2.516666667,10.0004616,2024,4,April,Saturday,16
1374,249,08-12-2024,2,0,2,136,3,1341.88,1,30,402.56,0,22,362,1,0,1,4,1,0,5,8,12,6,3,Very Short,0,178,1341.88,0,1,6.033333333,29.99970191,2024,12,December,Sunday,49
2614,250,23-09-2024,2,1,1,359,1,327.16,3,30,294.44,0,18,1417,0,0,0,4,1,0,2,23,9,0,0,Very Long,0,155,981.48,0,0,23.61666667,29.99959245,2024,9,September,Monday,39
5445,251,01-08-2024,1,1,4,524,5,423.89,4,15,254.33,0,13,288,1,0,1,4,1,0,1,1,8,3,2,Very Short,0,135,1695.56,0,1,4.8,14.99976409,2024,8,August,Thursday,31
2693,252,13-06-2024,1,0,0,177,0,624.92,3,10,187.48,1687.28,22,1073,1,1,0,1,6,38,2,13,6,3,2,Long,0.213867792,143,1874.76,1,0,17.88333333,10.00021336,2024,6,June,Thursday,24
3968,253,08-07-2024,1,1,3,722,4,66.6,3,0,0,199.8,2,877,1,1,0,4,4,41,2,8,7,0,2,Short,0.025325248,153,199.8,1,0,14.61666667,0,2024,7,July,Monday,28
6944,254,11-10-2024,0,1,5,152,4,220.6,3,0,0,0,24,542,1,0,1,4,1,0,5,11,10,4,0,Short,0,4,661.8,0,1,9.033333333,0,2024,10,October,Friday,41
2300,255,09-04-2024,0,1,4,748,3,468.72,3,30,421.85,0,22,1726,1,0,1,4,1,0,3,9,4,1,1,Very Long,0,133,1406.16,0,1,28.76666667,30.00014223,2024,4,April,Tuesday,15
7098,256,29-10-2024,0,0,5,107,1,662.39,1,0,0,0,16,481,1,0,1,4,1,0,4,29,10,1,0,Short,0,216,662.39,0,1,8.016666667,0,2024,10,October,Tuesday,44
1930,257,12-04-2024,0,1,3,241,0,656.54,4,20,525.23,0,23,1621,1,0,1,4,1,0,5,12,4,4,1,Very Long,0,27,2626.16,0,1,27.01666667,19.99992384,2024,4,April,Friday,15
2576,258,21-02-2024,1,1,0,323,5,967.38,2,0,0,1934.76,22,787,1,1,0,5,3,18,5,21,2,2,3,Short,0.245236622,51,1934.76,1,0,13.11666667,0,2024,2,February,Wednesday,8
6288,259,25-09-2024,0,1,5,257,4,144.83,3,0,0,434.49,17,555,1,1,0,5,0,8,1,25,9,2,0,Short,0.055072908,172,434.49,1,0,9.25,0,2024,9,September,Wednesday,39
8140,260,15-09-2024,0,0,3,590,3,824.42,2,0,0,0,5,1759,0,0,0,4,1,0,2,15,9,6,0,Very Long,0,108,1648.84,0,0,29.31666667,0,2024,9,September,Sunday,37
2535,261,02-05-2024,0,1,4,255,3,594.95,1,15,89.24,0,7,516,0,0,0,4,1,0,3,2,5,3,1,Short,0,140,594.95,0,0,8.6,14.9995798,2024,5,May,Thursday,18
3699,262,24-08-2024,1,0,5,116,3,461.11,3,15,207.5,0,7,1677,1,0,1,4,1,0,1,24,8,5,2,Very Long,0,154,1383.33,0,1,27.95,15.00003614,2024,8,August,Saturday,34
9325,263,22-09-2024,2,1,4,144,3,937.81,2,25,468.9,0,8,1549,1,0,1,4,1,0,3,22,9,6,0,Very Long,0,163,1875.62,0,1,25.81666667,24.99973342,2024,9,September,Sunday,38
9906,264,14-10-2024,1,0,5,806,2,1733.12,2,0,0,0,5,423,0,0,0,4,1,0,3,14,10,0,0,Very Short,0,35,3466.24,0,0,7.05,0,2024,10,October,Monday,42
6228,265,13-12-2024,1,1,0,561,0,473.91,3,15,213.26,1208.47,11,427,1,1,0,2,7,28,0,13,12,4,3,Very Short,0.153177191,28,1421.73,1,0,7.116666667,15.00003517,2024,12,December,Friday,50
5022,266,07-11-2024,2,1,0,843,4,464.37,1,15,69.66,0,17,1748,0,0,0,4,1,0,0,7,11,3,0,Very Long,0,137,464.37,0,0,29.13333333,15.00096905,2024,11,November,Thursday,45
4121,267,09-06-2024,1,1,1,131,6,764.33,2,15,229.3,0,12,1667,1,0,1,4,1,0,3,9,6,6,2,Very Long,0,83,1528.66,0,1,27.78333333,15.00006542,2024,6,June,Sunday,23
6511,268,25-03-2024,1,0,2,615,7,188.09,3,15,84.64,479.63,18,1383,1,1,0,5,10,1,3,25,3,0,1,Very Long,0.060794538,143,564.27,1,0,23.05,14.99991139,2024,3,March,Monday,13
6317,269,05-02-2024,1,1,3,357,7,923.83,4,25,923.83,0,21,19,1,0,1,4,1,0,1,5,2,0,3,Very Short,0,209,3695.32,0,1,0.316666667,25,2024,2,February,Monday,6
3652,270,28-07-2024,2,0,1,781,0,460.62,3,5,69.09,0,23,122,1,0,1,4,1,0,2,28,7,6,2,Very Short,0,209,1381.86,0,1,2.033333333,4.999782901,2024,7,July,Sunday,30
1205,271,31-08-2024,0,0,0,487,6,1586.25,1,0,0,0,23,281,0,0,0,4,1,0,5,31,8,5,2,Very Short,0,43,1586.25,0,0,4.683333333,0,2024,8,August,Saturday,35
2363,272,09-09-2024,1,1,0,145,7,161.91,1,15,24.29,0,17,795,0,0,0,4,1,0,0,9,9,0,0,Short,0,214,161.91,0,0,13.25,15.00216169,2024,9,September,Monday,37
9626,273,04-01-2024,1,1,0,608,2,1150.44,3,0,0,0,8,670,1,0,1,4,1,0,5,4,1,3,3,Short,0,9,3451.32,0,1,11.16666667,0,2024,1,January,Thursday,1
4762,274,12-09-2024,0,1,2,520,5,383.47,2,10,76.69,0,2,999,1,0,1,4,1,0,5,12,9,3,0,Long,0,20,766.94,0,1,16.65,9.999478447,2024,9,September,Thursday,37
5340,275,14-10-2024,1,0,5,869,3,763.3,1,15,114.49,0,1,542,1,0,1,4,1,0,5,14,10,0,0,Short,0,219,763.3,0,1,9.033333333,14.99934495,2024,10,October,Monday,42
5203,276,20-09-2024,1,1,3,721,0,833.72,1,10,83.37,0,21,63,1,0,1,4,1,0,4,20,9,4,0,Very Short,0,50,833.72,0,1,1.05,9.999760111,2024,9,September,Friday,38
8043,277,10-07-2024,1,0,0,734,0,806.87,3,0,0,0,13,924,0,0,0,4,1,0,4,10,7,2,2,Long,0,114,2420.61,0,0,15.4,0,2024,7,July,Wednesday,28
1584,278,06-01-2024,2,0,5,335,3,1072.21,2,30,643.33,0,6,1205,0,0,0,4,1,0,5,6,1,5,3,Long,0,74,2144.42,0,0,20.08333333,30.00018653,2024,1,January,Saturday,1
1744,279,27-06-2024,1,1,4,354,2,1288.17,1,0,0,0,8,1599,0,0,0,4,1,0,4,27,6,3,2,Very Long,0,176,1288.17,0,0,26.65,0,2024,6,June,Thursday,26
3482,280,23-08-2024,1,1,2,543,7,1101.56,2,0,0,2203.12,16,420,1,1,0,4,5,6,5,23,8,4,2,Very Short,0.279252056,141,2203.12,1,0,7,0,2024,8,August,Friday,34
5379,281,26-07-2024,2,0,2,745,3,434.75,2,25,217.38,0,15,290,0,0,0,4,1,0,3,26,7,4,2,Very Short,0,18,869.5,0,0,4.833333333,25.00057504,2024,7,July,Friday,30
7039,282,28-07-2024,0,1,0,216,7,150.61,2,5,15.06,286.16,23,811,1,1,0,2,9,48,3,28,7,6,2,Short,0.036271637,54,301.22,1,0,13.51666667,4.999668017,2024,7,July,Sunday,30
5415,283,07-07-2024,0,0,3,252,7,744.74,2,0,0,0,3,982,0,0,0,4,1,0,0,7,7,6,2,Long,0,19,1489.48,0,0,16.36666667,0,2024,7,July,Sunday,27
4970,284,20-07-2024,1,0,0,879,7,1076.35,1,20,215.27,0,17,861,0,0,0,4,1,0,2,20,7,5,2,Short,0,48,1076.35,0,0,14.35,20,2024,7,July,Saturday,29
9439,285,28-04-2024,1,1,1,610,7,990.39,4,25,990.39,0,24,27,1,0,1,4,1,0,5,28,4,6,1,Very Short,0,176,3961.56,0,1,0.45,25,2024,4,April,Sunday,17
2449,286,08-08-2024,1,0,5,433,7,1122.54,4,10,449.02,0,11,924,1,0,1,4,1,0,0,8,8,3,2,Long,0,107,4490.16,0,1,15.4,10.00008908,2024,8,August,Thursday,32
6144,287,12-04-2024,1,0,5,185,3,1168.58,3,10,350.57,0,12,825,1,0,1,4,1,0,1,12,4,4,1,Short,0,203,3505.74,0,1,13.75,9.999885901,2024,4,April,Friday,15
5879,288,28-06-2024,0,0,0,277,5,538.39,3,15,242.28,0,10,149,0,0,0,4,1,0,5,28,6,4,2,Very Short,0,102,1615.17,0,0,2.483333333,15.00027861,2024,6,June,Friday,26
5260,289,31-05-2024,1,1,3,392,1,682.44,4,5,136.49,0,5,905,0,0,0,4,1,0,1,31,5,4,1,Long,0,96,2729.76,0,0,15.08333333,5.000073267,2024,5,May,Friday,22
8267,290,17-09-2024,1,0,5,739,4,416.01,3,10,124.8,0,1,554,1,0,1,4,1,0,2,17,9,1,0,Short,0,31,1248.03,0,1,9.233333333,9.999759621,2024,9,September,Tuesday,38
3402,291,22-11-2024,2,0,5,552,4,134.5,3,10,40.35,0,15,560,1,0,1,4,1,0,2,22,11,4,0,Short,0,196,403.5,0,1,9.333333333,10,2024,11,November,Friday,47
9583,292,19-08-2024,0,1,4,301,5,1222.14,4,0,0,0,19,1263,1,0,1,4,1,0,1,19,8,0,2,Long,0,95,4888.56,0,1,21.05,0,2024,8,August,Monday,34
3983,293,19-02-2024,1,1,2,729,0,820.28,2,25,410.14,0,23,906,1,0,1,4,1,0,2,19,2,0,3,Long,0,39,1640.56,0,1,15.1,25,2024,2,February,Monday,8
5904,294,31-08-2024,1,0,4,591,4,240.51,2,5,24.05,0,1,1021,0,0,0,4,1,0,4,31,8,5,2,Long,0,113,481.02,0,0,17.01666667,4.999792108,2024,8,August,Saturday,35
5685,295,28-04-2024,1,1,3,837,6,396.72,2,0,0,0,18,164,0,0,0,4,1,0,5,28,4,6,1,Very Short,0,66,793.44,0,0,2.733333333,0,2024,4,April,Sunday,17
8647,296,19-01-2024,0,1,3,455,1,101.19,1,10,10.12,0,22,27,1,0,1,4,1,0,3,19,1,4,3,Very Short,0,190,101.19,0,1,0.45,10.00098824,2024,1,January,Friday,3
4949,297,11-03-2024,0,1,4,880,6,1576.73,2,30,946.04,0,22,1521,0,0,0,4,1,0,4,11,3,0,1,Very Long,0,155,3153.46,0,0,25.35,30.00006342,2024,3,March,Monday,11
3560,298,30-12-2024,0,0,2,648,4,138.78,2,15,41.63,0,12,1735,1,0,1,4,1,0,4,30,12,0,3,Very Long,0,134,277.56,0,1,28.91666667,14.99855887,2024,12,December,Monday,1
1194,299,04-06-2024,1,0,1,760,1,562.67,1,0,0,0,1,972,0,0,0,4,1,0,2,4,6,1,2,Long,0,61,562.67,0,0,16.2,0,2024,6,June,Tuesday,23
4272,300,14-03-2024,1,0,5,431,6,1333.47,4,0,0,0,1,756,1,0,1,4,1,0,5,14,3,3,1,Short,0,52,5333.88,0,1,12.6,0,2024,3,March,Thursday,11
8435,301,18-02-2024,1,1,3,172,7,459.2,2,25,229.6,0,5,1636,1,0,1,4,1,0,2,18,2,6,3,Very Long,0,176,918.4,0,1,27.26666667,25,2024,2,February,Sunday,7
1089,302,25-08-2024,1,0,2,448,1,151.68,3,0,0,0,14,767,1,0,1,4,1,0,0,25,8,6,2,Short,0,45,455.04,0,1,12.78333333,0,2024,8,August,Sunday,34
9064,303,04-10-2024,0,0,4,764,2,948.87,3,5,142.33,0,20,504,1,0,1,4,1,0,2,4,10,4,0,Short,0,181,2846.61,0,1,8.4,4.999982435,2024,10,October,Friday,40
5884,304,08-05-2024,0,0,1,712,2,1695.01,2,20,678,0,9,1751,1,0,1,4,1,0,5,8,5,2,1,Very Long,0,45,3390.02,0,1,29.18333333,19.99988201,2024,5,May,Wednesday,19
2262,305,07-02-2024,1,0,4,526,0,831.14,3,15,374.01,0,3,1047,0,0,0,4,1,0,0,7,2,2,3,Long,0,176,2493.42,0,0,17.45,14.99987968,2024,2,February,Wednesday,6
3719,306,09-05-2024,1,0,1,11,2,1095.74,2,20,438.3,0,14,14,1,0,1,4,1,0,2,9,5,3,1,Very Short,0,194,2191.48,0,1,0.233333333,20.00018253,2024,5,May,Thursday,19
5985,307,30-08-2024,1,0,2,335,1,225.72,1,10,22.57,0,8,1395,0,0,0,4,1,0,3,30,8,4,2,Very Long,0,189,225.72,0,0,23.25,9.999113946,2024,8,August,Friday,35
3840,308,11-02-2024,1,1,4,118,2,643.12,3,0,0,0,1,397,1,0,1,4,1,0,2,11,2,6,3,Very Short,0,93,1929.36,0,1,6.616666667,0,2024,2,February,Sunday,6
1977,309,07-04-2024,2,1,4,272,4,186.04,1,20,37.21,0,12,1253,0,0,0,4,1,0,3,7,4,6,1,Long,0,214,186.04,0,0,20.88333333,20.00107504,2024,4,April,Sunday,14
6993,310,01-01-2024,2,1,1,869,7,850.01,4,0,0,3400.04,16,988,1,1,0,5,10,4,1,1,1,0,3,Long,0.430965249,20,3400.04,1,0,16.46666667,0,2024,1,January,Monday,1
7049,311,21-06-2024,1,0,3,648,0,734.44,4,0,0,0,2,361,1,0,1,4,1,0,4,21,6,4,2,Very Short,0,170,2937.76,0,1,6.016666667,0,2024,6,June,Friday,25
2069,312,03-03-2024,0,0,5,81,4,101.94,3,0,0,305.82,12,465,1,1,0,4,3,41,0,3,3,6,1,Short,0.038763601,211,305.82,1,0,7.75,0,2024,3,March,Sunday,9
3530,313,13-03-2024,0,0,4,386,5,1075.94,2,5,107.59,0,13,550,1,0,1,4,1,0,2,13,3,2,1,Short,0,111,2151.88,0,1,9.166666667,4.999814116,2024,3,March,Wednesday,11
3194,314,11-02-2024,1,1,3,519,4,411.36,2,0,0,0,17,858,1,0,1,4,1,0,0,11,2,6,3,Short,0,85,822.72,0,1,14.3,0,2024,2,February,Sunday,6
6934,315,23-09-2024,1,0,5,776,7,707.9,4,0,0,0,12,63,1,0,1,4,1,0,1,23,9,0,0,Very Short,0,63,2831.6,0,1,1.05,0,2024,9,September,Monday,39
7571,316,27-06-2024,0,1,4,311,4,228.42,1,0,0,228.42,3,1159,1,1,0,3,1,36,4,27,6,3,2,Long,0.028952919,26,228.42,1,0,19.31666667,0,2024,6,June,Thursday,26
7542,317,12-12-2024,0,1,0,850,1,121.04,1,5,6.05,114.99,9,1107,1,1,0,3,1,2,4,12,12,3,3,Long,0.014575327,33,121.04,1,0,18.45,4.998347654,2024,12,December,Thursday,50
9447,318,24-05-2024,2,0,5,813,3,1479.37,2,0,0,0,24,1351,0,0,0,4,1,0,4,24,5,4,1,Long,0,108,2958.74,0,0,22.51666667,0,2024,5,May,Friday,21
7917,319,21-03-2024,0,0,0,800,7,580.24,2,0,0,0,22,965,0,0,0,4,1,0,1,21,3,3,1,Long,0,121,1160.48,0,0,16.08333333,0,2024,3,March,Thursday,12
3885,320,15-03-2024,1,1,4,304,1,411.75,1,5,20.59,0,10,1257,1,0,1,4,1,0,4,15,3,4,1,Long,0,49,411.75,0,1,20.95,5.000607165,2024,3,March,Friday,11
1969,321,13-12-2024,2,1,3,417,2,637.02,2,0,0,0,17,1559,0,0,0,4,1,0,0,13,12,4,3,Very Long,0,110,1274.04,0,0,25.98333333,0,2024,12,December,Friday,50
6531,322,03-08-2024,1,1,5,358,4,363.67,1,5,18.18,0,17,1262,0,0,0,4,1,0,1,3,8,5,2,Long,0,95,363.67,0,0,21.03333333,4.999037589,2024,8,August,Saturday,31
9243,323,28-04-2024,0,0,0,793,5,1037.82,2,0,0,0,17,1245,1,0,1,4,1,0,4,28,4,6,1,Long,0,222,2075.64,0,1,20.75,0,2024,4,April,Sunday,17
9775,324,26-08-2024,1,0,0,71,3,517.15,2,10,103.43,0,2,1736,0,0,0,4,1,0,4,26,8,0,2,Very Long,0,164,1034.3,0,0,28.93333333,10,2024,8,August,Monday,35
3071,325,22-07-2024,1,1,1,538,0,458.17,4,10,183.27,1649.41,7,937,1,1,0,5,10,46,4,22,7,0,2,Long,0.209067656,110,1832.68,1,0,15.61666667,10.00010913,2024,7,July,Monday,30
3127,326,11-02-2024,0,1,4,17,1,695.31,3,0,0,0,13,939,1,0,1,4,1,0,0,11,2,6,3,Long,0,6,2085.93,0,1,15.65,0,2024,2,February,Sunday,6
1336,327,13-09-2024,1,1,2,165,3,1116.82,4,15,670.09,3797.19,11,1262,1,1,0,4,10,39,2,13,9,4,0,Long,0.481305201,19,4467.28,1,0,21.03333333,14.99995523,2024,9,September,Friday,37
2271,328,13-02-2024,0,0,5,12,1,353.44,4,0,0,0,2,110,1,0,1,4,1,0,4,13,2,1,3,Very Short,0,170,1413.76,0,1,1.833333333,0,2024,2,February,Tuesday,7
5993,329,13-03-2024,1,0,0,79,0,522.2,3,0,0,1566.6,14,838,1,1,0,2,6,27,5,13,3,2,1,Short,0.19857124,29,1566.6,1,0,13.96666667,0,2024,3,March,Wednesday,11
5920,330,17-09-2024,2,0,0,883,5,659.04,1,10,65.9,0,13,298,1,0,1,4,1,0,2,17,9,1,0,Very Short,0,3,659.04,0,1,4.966666667,9.999393057,2024,9,September,Tuesday,38
4337,331,11-06-2024,1,1,5,40,4,462.41,3,10,138.72,0,12,1799,1,0,1,4,1,0,4,11,6,1,2,Very Long,0,181,1387.23,0,1,29.98333333,9.999783742,2024,6,June,Tuesday,24
3789,332,22-03-2024,2,0,2,818,6,886.53,2,0,0,0,15,1119,1,0,1,4,1,0,3,22,3,4,1,Long,0,97,1773.06,0,1,18.65,0,2024,3,March,Friday,12
8467,333,25-01-2024,1,0,5,37,2,925.18,1,20,185.04,0,24,36,1,0,1,4,1,0,0,25,1,3,3,Very Short,0,17,925.18,0,1,0.6,20.00043235,2024,1,January,Thursday,4
5139,334,04-08-2024,1,0,1,507,0,437.32,3,20,262.39,0,22,359,1,0,1,4,1,0,2,4,8,6,2,Very Short,0,65,1311.96,0,1,5.983333333,19.99984756,2024,8,August,Sunday,31
8273,335,11-09-2024,1,1,0,734,1,794.09,1,0,0,0,23,926,0,0,0,4,1,0,2,11,9,2,0,Long,0,215,794.09,0,0,15.43333333,0,2024,9,September,Wednesday,37
9667,336,15-03-2024,0,1,1,723,4,262.88,2,20,105.15,0,16,1357,0,0,0,4,1,0,1,15,3,4,1,Very Long,0,84,525.76,0,0,22.61666667,19.9996196,2024,3,March,Friday,11
3853,337,01-06-2024,2,1,2,118,7,1150.31,4,10,460.12,0,2,1759,1,0,1,4,1,0,3,1,6,5,2,Very Long,0,6,4601.24,0,1,29.31666667,9.999913067,2024,6,June,Saturday,22
2824,338,05-05-2024,2,1,3,576,5,776.14,4,20,620.91,0,10,24,0,0,0,4,1,0,3,5,5,6,1,Very Short,0,151,3104.56,0,0,0.4,19.99993558,2024,5,May,Sunday,18
9575,339,21-11-2024,0,0,1,797,2,567.97,3,0,0,0,15,330,1,0,1,4,1,0,4,21,11,3,0,Very Short,0,103,1703.91,0,1,5.5,0,2024,11,November,Thursday,47
6712,340,15-10-2024,1,1,3,636,6,1821.4,2,0,0,0,20,1649,1,0,1,4,1,0,3,15,10,1,0,Very Long,0,101,3642.8,0,1,27.48333333,0,2024,10,October,Tuesday,42
3617,341,10-04-2024,0,0,0,264,2,1679.8,3,0,0,0,5,188,0,0,0,4,1,0,4,10,4,2,1,Very Short,0,74,5039.4,0,0,3.133333333,0,2024,4,April,Wednesday,15
6596,342,06-07-2024,0,1,1,448,3,1453.67,4,0,0,0,11,379,1,0,1,4,1,0,1,6,7,5,2,Very Short,0,53,5814.68,0,1,6.316666667,0,2024,7,July,Saturday,27
5634,343,03-12-2024,0,0,0,892,1,363.81,1,30,109.14,254.67,18,1054,1,1,0,3,1,2,3,3,12,1,3,Long,0.032280185,99,363.81,1,0,17.56666667,29.99917539,2024,12,December,Tuesday,49
9148,344,06-05-2024,1,1,4,69,4,192.9,4,15,115.74,0,13,1568,1,0,1,4,1,0,4,6,5,0,1,Very Long,0,90,771.6,0,1,26.13333333,15,2024,5,May,Monday,19
3303,345,21-02-2024,0,1,4,393,4,222.75,4,20,178.2,0,19,1217,0,0,0,4,1,0,5,21,2,2,3,Long,0,68,891,0,0,20.28333333,20,2024,2,February,Wednesday,8
9921,346,18-04-2024,0,0,4,275,2,1229.39,1,10,122.94,0,7,692,0,0,0,4,1,0,0,18,4,3,1,Short,0,26,1229.39,0,0,11.53333333,10.00008134,2024,4,April,Thursday,16
9423,347,09-08-2024,2,0,2,135,6,1719.96,3,15,773.98,0,1,1798,1,0,1,4,1,0,1,9,8,4,2,Very Long,0,3,5159.88,0,1,29.96666667,14.99996124,2024,8,August,Friday,32
2626,348,28-12-2024,1,0,0,395,1,601.01,1,0,0,0,13,851,0,0,0,4,1,0,0,28,12,5,3,Short,0,133,601.01,0,0,14.18333333,0,2024,12,December,Saturday,52
2481,349,22-04-2024,1,0,4,204,7,560.61,3,0,0,0,20,1799,1,0,1,4,1,0,4,22,4,0,1,Very Long,0,59,1681.83,0,1,29.98333333,0,2024,4,April,Monday,17
5797,350,22-01-2024,0,1,1,540,4,159.45,1,15,23.92,0,17,1559,0,0,0,4,1,0,2,22,1,0,3,Very Long,0,52,159.45,0,0,25.98333333,15.00156789,2024,1,January,Monday,4
1404,351,07-03-2024,0,1,3,192,4,439.56,2,20,175.82,0,20,1196,0,0,0,4,1,0,1,7,3,3,1,Long,0,160,879.12,0,0,19.93333333,19.999545,2024,3,March,Thursday,10
3688,352,30-05-2024,1,0,2,312,6,870.65,2,0,0,0,10,1355,1,0,1,4,1,0,0,30,5,3,1,Long,0,143,1741.3,0,1,22.58333333,0,2024,5,May,Thursday,22
4915,353,04-02-2024,0,0,4,146,0,809.69,2,0,0,0,18,1731,0,0,0,4,1,0,4,4,2,6,3,Very Long,0,84,1619.38,0,0,28.85,0,2024,2,February,Sunday,5
9723,354,13-01-2024,1,1,3,425,2,1418.83,2,0,0,0,3,861,0,0,0,4,1,0,0,13,1,5,3,Short,0,98,2837.66,0,0,14.35,0,2024,1,January,Saturday,2
9930,355,27-08-2024,2,1,3,715,2,1596.37,2,0,0,3192.74,3,1165,1,1,0,3,1,37,3,27,8,1,2,Long,0.404689354,222,3192.74,1,0,19.41666667,0,2024,8,August,Tuesday,35
2363,356,27-10-2024,0,1,1,606,1,649.88,2,0,0,0,21,1111,0,0,0,4,1,0,3,27,10,6,0,Long,0,136,1299.76,0,0,18.51666667,0,2024,10,October,Sunday,43
9024,357,26-03-2024,1,0,1,128,2,546.99,2,20,218.8,0,21,649,1,0,1,4,1,0,5,26,3,1,1,Short,0,46,1093.98,0,1,10.81666667,20.00036564,2024,3,March,Tuesday,13
1818,358,09-07-2024,1,1,3,462,0,345.48,3,30,310.93,0,18,19,1,0,1,4,1,0,0,9,7,1,2,Very Short,0,182,1036.44,0,1,0.316666667,29.99980703,2024,7,July,Tuesday,28
7736,359,28-07-2024,0,1,4,436,6,1111.54,3,30,1000.39,0,20,1633,1,0,1,4,1,0,2,28,7,6,2,Very Long,0,94,3334.62,0,1,27.21666667,30.00011995,2024,7,July,Sunday,30
8609,360,31-08-2024,1,0,3,305,0,675.09,4,15,405.05,0,6,461,1,0,1,4,1,0,1,31,8,5,2,Short,0,82,2700.36,0,1,7.683333333,14.99985187,2024,8,August,Saturday,35
9016,361,23-12-2024,1,1,2,737,6,1683.55,3,0,0,0,6,1164,0,0,0,4,1,0,4,23,12,0,3,Long,0,60,5050.65,0,0,19.4,0,2024,12,December,Monday,52
3010,362,19-11-2024,0,0,2,559,6,1854.95,4,0,0,0,11,811,1,0,1,4,1,0,0,19,11,1,0,Short,0,111,7419.8,0,1,13.51666667,0,2024,11,November,Tuesday,47
9040,363,25-04-2024,1,0,0,542,3,823.99,1,15,123.6,0,11,1604,0,0,0,4,1,0,2,25,4,3,1,Very Long,0,153,823.99,0,0,26.73333333,15.00018204,2024,4,April,Thursday,17
2043,364,22-12-2024,1,1,0,317,1,208.7,4,10,83.48,0,18,815,0,0,0,4,1,0,0,22,12,6,3,Short,0,89,834.8,0,0,13.58333333,10,2024,12,December,Sunday,51
5669,365,13-01-2024,1,1,3,674,7,1095.88,3,20,657.53,2630.11,22,831,1,1,0,5,3,22,2,13,1,5,3,Short,0.333374317,16,3287.64,1,0,13.85,20.00006083,2024,1,January,Saturday,2
5225,366,17-12-2024,2,1,4,718,0,435.82,3,15,196.12,0,16,1745,1,0,1,4,1,0,3,17,12,1,3,Very Long,0,68,1307.46,0,1,29.08333333,15.00007648,2024,12,December,Tuesday,51
3843,367,22-02-2024,1,1,1,98,3,1463.7,3,20,878.22,0,7,405,1,0,1,4,1,0,4,22,2,3,3,Very Short,0,113,4391.1,0,1,6.75,20,2024,2,February,Thursday,8
1199,368,11-02-2024,0,1,2,641,5,259.68,3,15,116.86,0,13,257,0,0,0,4,1,0,2,11,2,6,3,Very Short,0,124,779.04,0,0,4.283333333,15.00051345,2024,2,February,Sunday,6
7947,369,13-02-2024,2,1,5,744,0,163.82,2,10,32.76,0,11,710,0,0,0,4,1,0,4,13,2,1,3,Short,0,84,327.64,0,0,11.83333333,9.998779148,2024,2,February,Tuesday,7
4019,370,14-02-2024,1,0,3,378,2,1111.92,3,15,500.36,2835.4,1,833,1,1,0,5,4,38,3,14,2,2,3,Short,0.359395439,16,3335.76,1,0,13.88333333,14.99988009,2024,2,February,Wednesday,7
6954,371,18-06-2024,0,0,4,537,5,1486.36,2,15,445.91,0,19,284,0,0,0,4,1,0,1,18,6,1,2,Very Short,0,94,2972.72,0,0,4.733333333,15.00006728,2024,6,June,Tuesday,25
4691,372,21-08-2024,0,0,2,832,1,791.58,1,20,158.32,0,23,245,0,0,0,4,1,0,2,21,8,2,2,Very Short,0,0,791.58,0,0,4.083333333,20.00050532,2024,8,August,Wednesday,34
4362,373,28-09-2024,0,1,2,4,6,1968.43,3,20,1181.06,0,5,993,0,0,0,4,1,0,4,28,9,5,0,Long,0,17,5905.29,0,0,16.55,20.00003387,2024,9,September,Saturday,39
8975,374,06-01-2024,0,0,1,569,1,539.58,4,0,0,0,17,1565,0,0,0,4,1,0,3,6,1,5,3,Very Long,0,75,2158.32,0,0,26.08333333,0,2024,1,January,Saturday,1
1850,375,18-04-2024,1,0,0,739,6,1063.34,1,0,0,0,4,489,1,0,1,4,1,0,3,18,4,3,1,Short,0,48,1063.34,0,1,8.15,0,2024,4,April,Thursday,16
7628,376,18-02-2024,0,1,2,230,7,922.32,3,10,276.7,0,20,586,1,0,1,4,1,0,0,18,2,6,3,Short,0,126,2766.96,0,1,9.766666667,10.00014456,2024,2,February,Sunday,7
7720,377,23-02-2024,2,1,2,590,7,985.4,4,0,0,0,24,1566,0,0,0,4,1,0,0,23,2,4,3,Very Long,0,67,3941.6,0,0,26.1,0,2024,2,February,Friday,8
4419,378,29-09-2024,1,1,3,503,5,222.59,2,15,66.78,0,24,703,1,0,1,4,1,0,3,29,9,6,0,Short,0,131,445.18,0,1,11.71666667,15.00067388,2024,9,September,Sunday,39
3361,379,21-08-2024,0,1,2,14,5,756.88,3,15,340.6,0,10,882,0,0,0,4,1,0,1,21,8,2,2,Short,0,11,2270.64,0,0,14.7,15.00017616,2024,8,August,Wednesday,34
1047,380,17-03-2024,2,0,1,48,4,135.49,1,0,0,0,8,1303,0,0,0,4,1,0,2,17,3,6,1,Long,0,83,135.49,0,0,21.71666667,0,2024,3,March,Sunday,11
9430,381,19-04-2024,1,0,3,707,1,290.23,3,20,174.14,0,17,1769,0,0,0,4,1,0,1,19,4,4,1,Very Long,0,85,870.69,0,0,29.48333333,20.0002297,2024,4,April,Friday,16
9528,382,03-12-2024,0,1,3,399,3,1275.1,4,0,0,5100.4,1,499,1,1,0,3,1,42,4,3,12,1,3,Short,0.64649097,121,5100.4,1,0,8.316666667,0,2024,12,December,Tuesday,49
3168,383,28-07-2024,0,1,2,887,3,664.9,3,0,0,0,14,1578,0,0,0,4,1,0,5,28,7,6,2,Very Long,0,21,1994.7,0,0,26.3,0,2024,7,July,Sunday,30
1287,384,28-03-2024,1,1,3,747,3,1497.35,1,20,299.47,0,2,1757,1,0,1,4,1,0,3,28,3,3,1,Very Long,0,194,1497.35,0,1,29.28333333,20,2024,3,March,Thursday,13
2104,385,06-12-2024,1,1,2,584,0,283.03,4,15,169.82,0,15,307,0,0,0,4,1,0,4,6,12,4,3,Very Short,0,37,1132.12,0,0,5.116666667,15.00017666,2024,12,December,Friday,49
1608,386,13-03-2024,1,0,1,368,6,957.95,4,0,0,3831.8,15,217,1,1,0,3,1,20,3,13,3,2,1,Very Short,0.485692122,11,3831.8,1,0,3.616666667,0,2024,3,March,Wednesday,11
8479,387,16-04-2024,1,0,0,761,2,1345.74,3,0,0,4037.22,24,1042,1,1,0,3,1,6,2,16,4,1,1,Long,0.511729722,173,4037.22,1,0,17.36666667,0,2024,4,April,Tuesday,16
9026,388,09-09-2024,1,1,0,189,6,1134.19,2,0,0,0,13,407,0,0,0,4,1,0,3,9,9,0,0,Very Short,0,81,2268.38,0,0,6.783333333,0,2024,9,September,Monday,37
2379,389,06-07-2024,1,1,5,773,4,432.88,4,0,0,0,8,956,1,0,1,4,1,0,0,6,7,5,2,Long,0,27,1731.52,0,1,15.93333333,0,2024,7,July,Saturday,27
7719,390,26-01-2024,1,0,3,400,5,1279.53,3,5,191.93,0,7,371,1,0,1,4,1,0,5,26,1,4,3,Very Short,0,20,3838.59,0,1,6.183333333,5.000013026,2024,1,January,Friday,4
2613,391,21-10-2024,1,1,1,894,5,1197.82,2,10,239.56,2156.08,24,59,1,1,0,5,10,9,1,21,10,0,0,Very Short,0.273289595,23,2395.64,1,0,0.983333333,9.99983303,2024,10,October,Monday,43
4304,392,24-03-2024,0,1,0,569,7,1015.3,3,20,609.18,2436.72,1,823,1,1,0,5,10,6,1,24,3,6,1,Short,0.308861555,104,3045.9,1,0,13.71666667,20,2024,3,March,Sunday,12
6393,393,09-09-2024,1,0,4,228,5,1723.89,2,0,0,0,11,704,0,0,0,4,1,0,0,9,9,0,0,Short,0,155,3447.78,0,0,11.73333333,0,2024,9,September,Monday,37
7478,394,02-05-2024,1,0,5,501,7,609.4,2,0,0,0,22,1260,0,0,0,4,1,0,3,2,5,3,1,Long,0,160,1218.8,0,0,21,0,2024,5,May,Thursday,18
8870,395,01-10-2024,1,0,2,429,1,523.6,2,5,52.36,0,21,61,1,0,1,4,1,0,0,1,10,1,0,Very Short,0,6,1047.2,0,1,1.016666667,5,2024,10,October,Tuesday,40
1403,396,23-11-2024,0,0,1,313,2,1651.31,4,0,0,0,21,719,0,0,0,4,1,0,4,23,11,5,0,Short,0,60,6605.24,0,0,11.98333333,0,2024,11,November,Saturday,47
2767,397,08-10-2024,1,1,5,359,5,1177.58,3,5,176.64,0,21,315,0,0,0,4,1,0,2,8,10,1,0,Very Short,0,206,3532.74,0,0,5.25,5.00008492,2024,10,October,Tuesday,41
3524,398,02-12-2024,0,1,4,537,4,63.31,1,0,0,0,8,61,0,0,0,4,1,0,1,2,12,0,3,Very Short,0,61,63.31,0,0,1.016666667,0,2024,12,December,Monday,49
3792,399,16-07-2024,1,0,5,629,6,1075.25,2,0,0,2150.5,12,1215,1,1,0,5,10,20,0,16,7,1,2,Long,0.272582313,120,2150.5,1,0,20.25,0,2024,7,July,Tuesday,29
9981,400,24-01-2024,0,1,1,164,6,1451.03,1,15,217.65,0,15,179,0,0,0,4,1,0,1,24,1,2,3,Very Short,0,45,1451.03,0,0,2.983333333,14.99968988,2024,1,January,Wednesday,4
7995,401,14-07-2024,2,0,4,570,4,326.18,3,5,48.93,0,3,1535,0,0,0,4,1,0,4,14,7,6,2,Very Long,0,64,978.54,0,0,25.58333333,5.000306579,2024,7,July,Sunday,28
3883,402,17-06-2024,0,1,1,276,1,570.7,4,0,0,2282.8,1,217,1,1,0,4,5,42,5,17,6,0,2,Very Short,0.289351734,173,2282.8,1,0,3.616666667,0,2024,6,June,Monday,25
9745,403,19-09-2024,1,1,1,408,0,569.81,4,20,455.85,0,16,1261,1,0,1,4,1,0,4,19,9,3,0,Long,0,157,2279.24,0,1,21.01666667,20.00008775,2024,9,September,Thursday,38
5493,404,31-03-2024,1,1,3,103,6,1480.27,3,10,444.08,0,5,716,1,0,1,4,1,0,5,31,3,6,1,Short,0,214,4440.81,0,1,11.93333333,9.999977482,2024,3,March,Sunday,13
5506,405,11-09-2024,0,0,2,835,7,324.18,3,10,97.25,0,24,1015,0,0,0,4,1,0,3,11,9,2,0,Long,0,40,972.54,0,0,16.91666667,9.999588706,2024,9,September,Wednesday,37
4902,406,10-06-2024,1,1,0,796,1,529.24,2,0,0,0,20,766,1,0,1,4,1,0,3,10,6,0,2,Short,0,36,1058.48,0,1,12.76666667,0,2024,6,June,Monday,24
2294,407,01-09-2024,2,1,2,811,5,1266.68,3,20,760.01,0,10,1751,0,0,0,4,1,0,3,1,9,6,0,Very Long,0,143,3800.04,0,0,29.18333333,20.00005263,2024,9,September,Sunday,35
9408,408,02-06-2024,1,1,3,396,5,272.89,2,0,0,0,8,1472,0,0,0,4,1,0,5,2,6,6,2,Very Long,0,139,545.78,0,0,24.53333333,0,2024,6,June,Sunday,22
1125,409,19-05-2024,2,1,5,117,1,799.81,2,5,79.98,0,10,1454,1,0,1,4,1,0,2,19,5,6,1,Very Long,0,213,1599.62,0,1,24.23333333,4.999937485,2024,5,May,Sunday,20
2568,410,19-03-2024,1,1,2,288,2,739.67,1,15,110.95,0,19,1488,1,0,1,4,1,0,2,19,3,1,1,Very Long,0,152,739.67,0,1,24.8,14.9999324,2024,3,March,Tuesday,12
3066,411,29-10-2024,2,0,1,408,4,169.04,2,0,0,0,3,1724,1,0,1,4,1,0,4,29,10,1,0,Very Long,0,140,338.08,0,1,28.73333333,0,2024,10,October,Tuesday,44
3513,412,26-01-2024,1,0,4,108,1,673.55,1,15,101.03,572.52,20,1218,1,1,0,5,0,1,1,26,1,4,3,Long,0.072568624,89,673.55,1,0,20.3,14.99962883,2024,1,January,Friday,4
2186,413,27-03-2024,1,0,0,6,2,1241.45,4,15,744.87,0,1,1319,1,0,1,4,1,0,1,27,3,2,1,Long,0,34,4965.8,0,1,21.98333333,15,2024,3,March,Wednesday,13
1161,414,04-06-2024,1,1,4,748,4,481.85,1,10,48.18,0,3,858,1,0,1,4,1,0,5,4,6,1,2,Short,0,69,481.85,0,1,14.3,9.998962333,2024,6,June,Tuesday,23
7098,415,26-02-2024,1,1,5,529,0,986.48,2,15,295.94,0,2,446,1,0,1,4,1,0,1,26,2,0,3,Very Short,0,44,1972.96,0,1,7.433333333,14.99979726,2024,2,February,Monday,9
9722,416,30-11-2024,1,1,0,282,4,84.93,1,10,8.49,0,9,561,1,0,1,4,1,0,2,30,11,5,0,Short,0,89,84.93,0,1,9.35,9.996467679,2024,11,November,Saturday,48
2096,417,05-05-2024,1,0,2,775,7,314.71,1,25,78.68,0,11,1256,1,0,1,4,1,0,5,5,5,6,1,Long,0,220,314.71,0,1,20.93333333,25.00079438,2024,5,May,Sunday,18
3668,418,29-03-2024,1,1,1,337,7,322.79,1,15,48.42,0,8,822,1,0,1,4,1,0,3,29,3,4,1,Short,0,42,322.79,0,1,13.7,15.0004647,2024,3,March,Friday,13
5556,419,02-04-2024,1,0,4,562,0,423.05,2,10,84.61,0,24,1404,1,0,1,4,1,0,4,2,4,1,1,Very Long,0,203,846.1,0,1,23.4,10,2024,4,April,Tuesday,14
9346,420,10-03-2024,0,0,1,888,6,887.88,1,25,221.97,665.91,8,1265,1,1,0,2,7,0,2,10,3,6,1,Long,0.084406086,122,887.88,1,0,21.08333333,25,2024,3,March,Sunday,10
7247,421,30-08-2024,1,1,4,287,2,1535.28,1,20,307.06,0,14,1746,1,0,1,4,1,0,2,30,8,4,2,Very Long,0,176,1535.28,0,1,29.1,20.00026054,2024,8,August,Friday,35
7894,422,24-06-2024,1,1,3,481,2,1809.4,1,30,542.82,0,15,1709,0,0,0,4,1,0,4,24,6,0,2,Very Long,0,65,1809.4,0,0,28.48333333,30,2024,6,June,Monday,26
6229,423,25-03-2024,0,0,4,825,2,885.96,1,25,221.49,0,7,807,0,0,0,4,1,0,4,25,3,0,1,Short,0,21,885.96,0,0,13.45,25,2024,3,March,Monday,13
4752,424,14-11-2024,0,1,4,53,0,447.45,1,0,0,0,8,1583,0,0,0,4,1,0,5,14,11,3,0,Very Long,0,106,447.45,0,0,26.38333333,0,2024,11,November,Thursday,46
2797,425,27-08-2024,0,1,4,768,4,205.5,4,20,164.4,0,7,291,0,0,0,4,1,0,4,27,8,1,2,Very Short,0,187,822,0,0,4.85,20,2024,8,August,Tuesday,35
8777,426,27-05-2024,1,0,0,255,1,445.27,3,15,200.37,0,10,655,0,0,0,4,1,0,4,27,5,0,1,Short,0,133,1335.81,0,0,10.91666667,14.99988771,2024,5,May,Monday,22
8236,427,06-07-2024,0,1,4,792,1,319.52,1,15,47.93,0,13,1690,1,0,1,4,1,0,0,6,7,5,2,Very Long,0,135,319.52,0,1,28.16666667,15.00062594,2024,7,July,Saturday,27
1225,428,27-08-2024,0,0,5,561,6,1983.25,1,0,0,0,20,1426,1,0,1,4,1,0,1,27,8,1,2,Very Long,0,183,1983.25,0,1,23.76666667,0,2024,8,August,Tuesday,35
7437,429,25-02-2024,0,1,2,665,1,726.9,3,15,327.1,1853.59,10,458,1,1,0,3,1,39,4,25,2,6,3,Short,0.234948082,63,2180.7,1,0,7.633333333,14.99977072,2024,2,February,Sunday,8
1759,430,22-10-2024,0,1,1,172,7,1009.88,2,0,0,0,19,594,1,0,1,4,1,0,3,22,10,1,0,Short,0,97,2019.76,0,1,9.9,0,2024,10,October,Tuesday,43
7650,431,04-04-2024,0,0,5,77,3,992.15,4,0,0,0,16,533,0,0,0,4,1,0,1,4,4,3,1,Short,0,15,3968.6,0,0,8.883333333,0,2024,4,April,Thursday,14
8432,432,11-01-2024,0,0,3,468,7,377.17,1,0,0,0,16,172,1,0,1,4,1,0,5,11,1,3,3,Very Short,0,148,377.17,0,1,2.866666667,0,2024,1,January,Thursday,2
2179,433,09-07-2024,1,0,0,524,1,284.28,1,10,28.43,255.85,3,1634,1,1,0,4,4,18,2,9,7,1,2,Very Long,0.032429753,200,284.28,1,0,27.23333333,10.00070353,2024,7,July,Tuesday,28
4904,434,15-11-2024,1,1,1,208,3,1467.53,2,0,0,0,10,364,0,0,0,4,1,0,2,15,11,4,0,Very Short,0,181,2935.06,0,0,6.066666667,0,2024,11,November,Friday,46
2113,435,24-09-2024,2,1,3,499,1,185.24,1,0,0,0,19,974,1,0,1,4,1,0,5,24,9,1,0,Long,0,203,185.24,0,1,16.23333333,0,2024,9,September,Tuesday,39
6104,436,22-04-2024,0,1,5,303,6,1021.49,3,10,306.45,2758.02,2,872,1,1,0,5,5,47,0,22,4,0,1,Short,0.349587292,79,3064.47,1,0,14.53333333,10.0000979,2024,4,April,Monday,17
9347,437,25-05-2024,0,1,0,837,7,835.82,2,20,334.33,0,12,128,1,0,1,4,1,0,4,25,5,5,1,Very Short,0,43,1671.64,0,1,2.133333333,20.00011964,2024,5,May,Saturday,21
1727,438,05-08-2024,0,1,2,362,7,335.67,1,5,16.78,0,3,1301,1,0,1,4,1,0,4,5,8,0,2,Long,0,199,335.67,0,1,21.68333333,4.998957309,2024,8,August,Monday,32
4577,439,25-03-2024,1,1,1,720,2,1034.18,1,0,0,0,12,1422,0,0,0,4,1,0,2,25,3,0,1,Very Long,0,178,1034.18,0,0,23.7,0,2024,3,March,Monday,13
9757,440,26-10-2024,0,0,2,147,3,367.18,2,10,73.44,0,21,1250,1,0,1,4,1,0,2,26,10,5,0,Long,0,0,734.36,0,1,20.83333333,10.00054469,2024,10,October,Saturday,43
3708,441,17-04-2024,0,0,0,220,6,1441.19,2,5,144.12,0,5,1394,0,0,0,4,1,0,2,17,4,2,1,Very Long,0,97,2882.38,0,0,23.23333333,5.000034694,2024,4,April,Wednesday,16
2189,442,20-03-2024,1,0,2,665,4,303.89,3,25,227.92,0,9,1177,0,0,0,4,1,0,5,20,3,2,1,Long,0,32,911.67,0,0,19.61666667,25.00027422,2024,3,March,Wednesday,12
5396,443,04-02-2024,0,0,4,681,4,223.98,3,5,33.6,0,9,1277,1,0,1,4,1,0,3,4,2,6,3,Long,0,29,671.94,0,1,21.28333333,5.000446468,2024,2,February,Sunday,5
5574,444,10-09-2024,1,0,4,603,3,694.2,2,0,0,1388.4,22,1411,1,1,0,2,9,21,1,10,9,1,0,Very Long,0.175983857,156,1388.4,1,0,23.51666667,0,2024,9,September,Tuesday,37
6965,445,10-01-2024,1,0,4,338,5,1104.41,2,15,331.32,0,21,494,0,0,0,4,1,0,2,10,1,2,3,Short,0,121,2208.82,0,0,8.233333333,14.99986418,2024,1,January,Wednesday,2
3823,446,20-10-2024,1,1,3,891,7,609.59,4,10,243.84,2194.52,16,1154,1,1,0,4,4,37,5,20,10,6,0,Long,0.27816198,188,2438.36,1,0,19.23333333,10.00016404,2024,10,October,Sunday,42
9599,447,21-12-2024,0,0,4,341,6,903.02,3,0,0,2709.06,22,69,1,1,0,3,1,6,1,21,12,5,3,Very Short,0.343381466,15,2709.06,1,0,1.15,0,2024,12,December,Saturday,51
5688,448,10-02-2024,0,0,4,102,5,830.41,1,5,41.52,788.89,7,199,1,1,0,2,6,40,1,10,2,5,3,Very Short,0.099994169,224,830.41,1,0,3.316666667,4.999939789,2024,2,February,Saturday,6
3577,449,05-02-2024,1,1,0,820,2,1661.5,2,20,664.6,2658.4,2,969,1,1,0,3,1,33,1,5,2,0,3,Long,0.336960159,155,3323,1,0,16.15,20,2024,2,February,Monday,6
9641,450,07-12-2024,0,1,3,491,2,598.8,2,10,119.76,1077.84,24,1511,1,1,0,4,5,45,0,7,12,5,3,Very Long,0.136619447,105,1197.6,1,0,25.18333333,10,2024,12,December,Saturday,49
9322,451,15-02-2024,0,0,1,72,1,379.22,1,20,75.84,0,4,249,0,0,0,4,1,0,3,15,2,3,3,Very Short,0,167,379.22,0,0,4.15,19.9989452,2024,2,February,Thursday,7
5491,452,28-05-2024,1,1,2,66,2,890.48,2,20,356.19,0,18,951,0,0,0,4,1,0,1,28,5,1,1,Long,0,21,1780.96,0,0,15.85,19.9998877,2024,5,May,Tuesday,22
1223,453,13-11-2024,0,1,2,152,5,467.9,2,0,0,0,8,359,0,0,0,4,1,0,2,13,11,2,0,Very Short,0,100,935.8,0,0,5.983333333,0,2024,11,November,Wednesday,46
6371,454,20-02-2024,0,0,4,664,3,893.16,2,0,0,1786.32,22,838,1,1,0,3,1,47,5,20,2,1,3,Short,0.226421408,133,1786.32,1,0,13.96666667,0,2024,2,February,Tuesday,8
5996,455,30-08-2024,1,0,2,372,6,784.18,3,20,470.51,1882.03,22,1785,1,1,0,4,3,33,3,30,8,4,2,Very Long,0.238552937,193,2352.54,1,0,29.75,20.00008501,2024,8,August,Friday,35
2333,456,19-05-2024,1,0,1,204,6,1888.71,1,15,283.31,0,23,588,0,0,0,4,1,0,0,19,5,6,1,Short,0,81,1888.71,0,0,9.8,15.00018531,2024,5,May,Sunday,20
6705,457,08-06-2024,0,0,1,398,4,448.03,3,30,403.23,940.86,22,339,1,1,0,5,0,7,2,8,6,5,2,Very Short,0.119256822,139,1344.09,1,0,5.65,30.0002232,2024,6,June,Saturday,23
8566,458,05-12-2024,1,1,2,564,5,313.22,3,0,0,0,14,1408,0,0,0,4,1,0,1,5,12,3,3,Very Long,0,10,939.66,0,0,23.46666667,0,2024,12,December,Thursday,49
1952,459,24-08-2024,2,1,0,816,7,939.14,1,5,46.96,0,9,1073,1,0,1,4,1,0,0,24,8,5,2,Long,0,126,939.14,0,1,17.88333333,5.000319441,2024,8,August,Saturday,34
7509,460,26-04-2024,0,0,0,748,2,1881.79,4,30,2258.15,5269.01,21,1398,1,1,0,3,1,24,0,26,4,4,1,Very Long,0.667862792,166,7527.16,1,0,23.3,30.00002657,2024,4,April,Friday,17
2262,461,07-12-2024,1,0,4,569,3,461.18,1,10,46.12,415.06,5,296,1,1,0,4,0,5,1,7,12,5,3,Very Short,0.052610098,155,461.18,1,0,4.933333333,10.00043367,2024,12,December,Saturday,49
7738,462,30-07-2024,0,0,2,93,6,1972.79,4,0,0,0,10,1344,1,0,1,4,1,0,0,30,7,1,2,Long,0,98,7891.16,0,1,22.4,0,2024,7,July,Tuesday,31
4771,463,06-02-2024,2,1,4,514,7,987.71,1,0,0,0,12,1716,0,0,0,4,1,0,3,6,2,1,3,Very Long,0,184,987.71,0,0,28.6,0,2024,2,February,Tuesday,6
1058,464,23-05-2024,0,1,5,751,6,1798.33,3,30,1618.5,3776.49,20,346,1,1,0,3,1,40,4,23,5,3,1,Very Short,0.478681414,132,5394.99,1,0,5.766666667,30.00005561,2024,5,May,Thursday,21
9695,465,29-03-2024,0,0,5,644,2,1912.9,3,20,1147.74,0,15,1392,1,0,1,4,1,0,3,29,3,4,1,Very Long,0,204,5738.7,0,1,23.2,20,2024,3,March,Friday,13
2493,466,22-08-2024,2,1,5,354,2,578.62,1,0,0,0,20,449,1,0,1,4,1,0,5,22,8,3,2,Very Short,0,156,578.62,0,1,7.483333333,0,2024,8,August,Thursday,34
6363,467,10-11-2024,1,0,3,59,6,1094.91,4,0,0,0,1,1507,1,0,1,4,1,0,5,10,11,6,0,Very Long,0,209,4379.64,0,1,25.11666667,0,2024,11,November,Sunday,45
2633,468,15-01-2024,0,1,4,882,2,1556.85,1,0,0,0,9,1124,1,0,1,4,1,0,5,15,1,0,3,Long,0,142,1556.85,0,1,18.73333333,0,2024,1,January,Monday,3
9396,469,11-10-2024,1,0,4,474,2,1490.12,3,5,223.52,0,14,1139,1,0,1,4,1,0,1,11,10,4,0,Long,0,116,4470.36,0,1,18.98333333,5.000044739,2024,10,October,Friday,41
7644,470,30-11-2024,1,1,5,177,7,331.24,2,0,0,0,24,704,0,0,0,4,1,0,4,30,11,5,0,Short,0,46,662.48,0,0,11.73333333,0,2024,11,November,Saturday,48
8238,471,28-12-2024,1,1,1,616,7,321.1,3,0,0,0,13,1727,0,0,0,4,1,0,1,28,12,5,3,Very Long,0,165,963.3,0,0,28.78333333,0,2024,12,December,Saturday,52
4888,472,29-08-2024,0,1,1,583,1,422.39,1,25,105.6,0,11,33,0,0,0,4,1,0,1,29,8,3,2,Very Short,0,104,422.39,0,0,0.55,25.00059187,2024,8,August,Thursday,35
5205,473,24-04-2024,0,1,0,766,4,369.32,3,10,110.8,0,8,1406,1,0,1,4,1,0,5,24,4,2,1,Very Long,0,185,1107.96,0,1,23.43333333,10.00036102,2024,4,April,Wednesday,17
6708,474,23-02-2024,2,0,2,143,3,989.33,2,5,98.93,0,11,120,1,0,1,4,1,0,0,23,2,4,3,Very Short,0,108,1978.66,0,1,2,4.999848382,2024,2,February,Friday,8
8062,475,10-12-2024,0,0,3,14,6,518.07,2,15,155.42,0,14,425,1,0,1,4,1,0,0,10,12,1,3,Very Short,0,21,1036.14,0,1,7.083333333,14.99990349,2024,12,December,Tuesday,50
8621,476,30-05-2024,0,1,0,681,0,848.07,4,0,0,0,16,611,1,0,1,4,1,0,3,30,5,3,1,Short,0,13,3392.28,0,1,10.18333333,0,2024,5,May,Thursday,22
1160,477,05-05-2024,0,1,3,237,3,807.06,3,15,363.18,2058,13,1651,1,1,0,2,2,26,2,5,5,6,1,Very Long,0.260857661,174,2421.18,1,0,27.51666667,15.00012391,2024,5,May,Sunday,18
6971,478,24-09-2024,0,1,5,505,7,544.65,2,5,54.46,0,24,469,1,0,1,4,1,0,3,24,9,1,0,Short,0,69,1089.3,0,1,7.816666667,4.99954099,2024,9,September,Tuesday,39
1982,479,18-09-2024,1,1,4,191,3,1212.63,1,0,0,1212.63,2,1199,1,1,0,4,5,1,1,18,9,2,0,Long,0.153704483,107,1212.63,1,0,19.98333333,0,2024,9,September,Wednesday,38
3591,480,22-10-2024,0,1,1,294,6,1668.02,2,10,333.6,0,22,215,1,0,1,4,1,0,4,22,10,1,0,Very Short,0,148,3336.04,0,1,3.583333333,9.999880097,2024,10,October,Tuesday,43
8464,481,18-11-2024,0,1,4,775,3,1342.34,2,10,268.47,2416.21,11,1686,1,1,0,5,4,14,1,18,11,0,0,Very Long,0.306261851,170,2684.68,1,0,28.1,10.0000745,2024,11,November,Monday,47
3254,482,16-11-2024,0,1,1,28,3,1330.88,2,10,266.18,0,21,1793,0,0,0,4,1,0,4,16,11,5,0,Very Long,0,62,2661.76,0,0,29.88333333,10.00015028,2024,11,November,Saturday,46
8170,483,03-03-2024,0,0,5,354,5,568.98,2,0,0,0,13,193,0,0,0,4,1,0,1,3,3,6,1,Very Short,0,8,1137.96,0,0,3.216666667,0,2024,3,March,Sunday,9
5166,484,02-03-2024,0,0,5,307,1,489.05,3,0,0,0,19,135,1,0,1,4,1,0,4,2,3,5,1,Very Short,0,171,1467.15,0,1,2.25,0,2024,3,March,Saturday,9
3093,485,16-03-2024,0,0,0,852,0,732.89,3,10,219.87,0,15,181,1,0,1,4,1,0,0,16,3,5,1,Very Short,0,194,2198.67,0,1,3.016666667,10.00013645,2024,3,March,Saturday,11
4007,486,16-08-2024,1,0,1,761,5,923.44,2,0,0,0,15,990,1,0,1,4,1,0,1,16,8,4,2,Long,0,112,1846.88,0,1,16.5,0,2024,8,August,Friday,33
5776,487,31-07-2024,0,1,5,685,2,1202.69,3,20,721.61,2886.46,20,384,1,1,0,2,2,8,4,31,7,2,2,Very Short,0.365867447,14,3608.07,1,0,6.4,19.99988914,2024,7,July,Wednesday,31
7885,488,08-11-2024,0,1,1,349,3,1067.98,3,0,0,0,13,737,0,0,0,4,1,0,1,8,11,4,0,Short,0,215,3203.94,0,0,12.28333333,0,2024,11,November,Friday,45
6453,489,03-11-2024,1,1,3,775,7,571.07,1,15,85.66,0,5,1187,1,0,1,4,1,0,3,3,11,6,0,Long,0,206,571.07,0,1,19.78333333,14.99991245,2024,11,November,Sunday,44
9398,490,23-10-2024,1,1,1,200,3,1132.31,4,10,452.92,0,18,1627,1,0,1,4,1,0,1,23,10,2,0,Very Long,0,20,4529.24,0,1,27.11666667,9.999911685,2024,10,October,Wednesday,43
8808,491,29-01-2024,1,1,3,753,1,390.17,4,20,312.14,0,1,288,1,0,1,4,1,0,5,29,1,0,3,Very Short,0,126,1560.68,0,1,4.8,20.0002563,2024,1,January,Monday,5
7779,492,10-09-2024,2,1,4,545,0,836.97,2,30,502.18,0,6,1249,0,0,0,4,1,0,2,10,9,1,0,Long,0,101,1673.94,0,0,20.81666667,29.99988052,2024,9,September,Tuesday,37
6427,493,06-11-2024,0,0,4,141,0,622.84,3,25,467.13,0,1,469,1,0,1,4,1,0,2,6,11,2,0,Short,0,91,1868.52,0,1,7.816666667,25,2024,11,November,Wednesday,45
3608,494,24-12-2024,0,0,2,158,3,605.51,2,25,302.76,0,3,218,1,0,1,4,1,0,1,24,12,1,3,Very Short,0,217,1211.02,0,1,3.633333333,25.00041288,2024,12,December,Tuesday,52
4712,495,05-05-2024,0,1,4,44,6,1698.02,2,0,0,0,20,1421,0,0,0,4,1,0,2,5,5,6,1,Very Long,0,214,3396.04,0,0,23.68333333,0,2024,5,May,Sunday,18
2069,496,10-10-2024,0,0,1,865,5,1195.45,2,15,358.64,2032.26,2,1563,1,1,0,5,10,18,5,10,10,3,0,Very Long,0.257595039,206,2390.9,1,0,26.05,15.00020913,2024,10,October,Thursday,41
4367,497,28-05-2024,2,0,3,526,3,775.22,4,15,465.13,0,4,284,1,0,1,4,1,0,4,28,5,1,1,Very Short,0,36,3100.88,0,1,4.733333333,14.9999355,2024,5,May,Tuesday,22
9337,498,28-02-2024,1,1,5,93,2,889.55,4,20,711.64,0,4,680,1,0,1,4,1,0,0,28,2,2,3,Short,0,69,3558.2,0,1,11.33333333,20,2024,2,February,Wednesday,9
4832,499,04-05-2024,1,1,4,64,0,435.08,1,15,65.26,369.82,2,14,1,1,0,4,0,13,5,4,5,5,1,Very Short,0.046875792,80,435.08,1,0,0.233333333,14.99954031,2024,5,May,Saturday,18
2023,500,01-04-2024,2,0,5,130,3,1332.83,3,0,0,0,19,89,1,0,1,4,1,0,3,1,4,0,1,Very Short,0,0,3998.49,0,1,1.483333333,0,2024,4,April,Monday,14
6866,501,28-11-2024,1,1,2,513,1,654.83,1,0,0,0,8,1402,0,0,0,4,1,0,1,28,11,3,0,Very Long,0,198,654.83,0,0,23.36666667,0,2024,11,November,Thursday,48
